{
    "rrt": {
        "seq": {
            "class": "RandomSequence",
            "domain": {
                "lower_bounds": [
                    -0.6410992333051935,
                    -0.37500859277873533,
                    -0.6504953086009833,
                    -0.8455764805873223
                ],
                "upper_bounds": [
                    1.3589007666948065,
                    1.6249914072212648,
                    1.3495046913990167,
                    1.1544235194126777
                ],
                "granularity": 0.01
            },
            "axes_names": [
                "dim_0",
                "dim_1",
                "dim_2",
                "dim_3"
            ],
            "seed": 555,
            "offset": 20
        },
        "step_size": 0.01,
        "exploration_radius": 1.0,
        "root": [
            0.35890076669480653,
            0.6249914072212647,
            0.34950469139901674,
            0.15442351941267773
        ],
        "contents": [
            [
                0.35890076669480653,
                0.6249914072212647,
                0.34950469139901674,
                0.15442351941267773
            ],
            [
                0.3554728103162996,
                0.6188250658636837,
                0.34880419066029317,
                0.16147579904722772
            ],
            [
                0.3490851604668996,
                0.6178003938567461,
                0.348766587776335,
                0.1691011883948464
            ],
            [
                0.34462960422055194,
                0.6146912315021669,
                0.35361716470423754,
                0.17595341660580083
            ],
            [
                0.33982189504936444,
                0.6134220940672567,
                0.35099266448662453,
                0.18422307326761808
            ],
            [
                0.34704251354209226,
                0.6099244168497282,
                0.3522968231930518,
                0.19004785590158046
            ]
        ]
    },
    "n_branches": 5,
    "n_branches_remaining": 0,
    "bug_profile": [
        {
            "lower_bounds": [
                0.0,
                0.0,
                0.0,
                0.0
            ],
            "upper_bounds": [
                1.0,
                1.0,
                1.0,
                1.0
            ],
            "granularity": 0.01
        }
    ],
    "sequence": {
        "class": "RandomSequence",
        "domain": {
            "lower_bounds": [
                0.0,
                0.0,
                0.0,
                0.0
            ],
            "upper_bounds": [
                1.0,
                1.0,
                1.0,
                1.0
            ],
            "granularity": 0.01
        },
        "axes_names": [
            "dim_0",
            "dim_1",
            "dim_2",
            "dim_3"
        ],
        "seed": 300,
        "offset": 4
    },
    "class": "SimpleSimulatorKnownBugsRRT",
    "step": 24,
    "domain": {
        "lower_bounds": [
            0.0,
            0.0,
            0.0,
            0.0
        ],
        "upper_bounds": [
            1.0,
            1.0,
            1.0,
            1.0
        ],
        "granularity": 0.01
    },
    "n_long_walks": 4,
    "n_local_searches": 20,
    "n_bugs": 0,
    "id": "",
    "state": "PAUSED"
}