{
    "rrt": {
        "seq": {
            "class": "RandomSequence",
            "domain": {
                "lower_bounds": [
                    -0.10731673296713473,
                    -0.4751893480580677,
                    -0.23492216057248494,
                    -0.2381047075488001
                ],
                "upper_bounds": [
                    1.8926832670328653,
                    1.5248106519419324,
                    1.765077839427515,
                    1.7618952924512
                ],
                "granularity": 0.01
            },
            "axes_names": [
                "dim_0",
                "dim_1",
                "dim_2",
                "dim_3"
            ],
            "seed": 555,
            "offset": 20
        },
        "step_size": 0.01,
        "exploration_radius": 1.0,
        "root": [
            0.8926832670328653,
            0.5248106519419323,
            0.7650778394275151,
            0.7618952924511999
        ],
        "contents": [
            [
                0.8926832670328653,
                0.5248106519419323,
                0.7650778394275151,
                0.7618952924511999
            ],
            [
                0.8859422756657442,
                0.5199232205385556,
                0.7596453285445613,
                0.762972267461251
            ],
            [
                0.8869067897265487,
                0.516624963427461,
                0.7581520951162829,
                0.7537007267810676
            ],
            [
                0.8777885064563672,
                0.5152964865752591,
                0.7582896517377168,
                0.7661771888188629
            ],
            [
                0.892811837578247,
                0.5337068442097045,
                0.7694226992781958,
                0.7604940695468649
            ],
            [
                0.8695482508017272,
                0.5128384861190137,
                0.7537024689127467,
                0.7684164240082902
            ]
        ]
    },
    "n_branches": 5,
    "n_branches_remaining": 0,
    "bug_profile": [
        {
            "lower_bounds": [
                0.0,
                0.0,
                0.0,
                0.0
            ],
            "upper_bounds": [
                1.0,
                1.0,
                1.0,
                1.0
            ],
            "granularity": 0.01
        }
    ],
    "sequence": {
        "class": "RandomSequence",
        "domain": {
            "lower_bounds": [
                0.0,
                0.0,
                0.0,
                0.0
            ],
            "upper_bounds": [
                1.0,
                1.0,
                1.0,
                1.0
            ],
            "granularity": 0.01
        },
        "axes_names": [
            "dim_0",
            "dim_1",
            "dim_2",
            "dim_3"
        ],
        "seed": 300,
        "offset": 4
    },
    "class": "SimpleSimulatorKnownBugsRRT",
    "step": 24,
    "domain": {
        "lower_bounds": [
            0.0,
            0.0,
            0.0,
            0.0
        ],
        "upper_bounds": [
            1.0,
            1.0,
            1.0,
            1.0
        ],
        "granularity": 0.01
    },
    "n_long_walks": 4,
    "n_local_searches": 20,
    "n_bugs": 0,
    "id": "",
    "state": "PAUSED"
}