{
    "rrt": {
        "seq": {
            "class": "RandomSequence",
            "domain": {
                "lower_bounds": [
                    -0.3171958079209627,
                    -0.958770033713519,
                    -0.36964885466385233,
                    -0.28023157912701924
                ],
                "upper_bounds": [
                    1.6828041920790373,
                    1.041229966286481,
                    1.6303511453361477,
                    1.7197684208729807
                ],
                "granularity": 0.01
            },
            "axes_names": [
                "dim_0",
                "dim_1",
                "dim_2",
                "dim_3"
            ],
            "seed": 555,
            "offset": 20
        },
        "step_size": 0.01,
        "exploration_radius": 1.0,
        "root": [
            0.6828041920790373,
            0.04122996628648101,
            0.6303511453361477,
            0.7197684208729808
        ],
        "contents": [
            [
                0.6828041920790373,
                0.04122996628648101,
                0.6303511453361477,
                0.7197684208729808
            ],
            [
                0.6904839058955127,
                0.04360918873806507,
                0.6299159641491077,
                0.7138378295401234
            ],
            [
                0.6765249886464132,
                0.044024038722508034,
                0.6273958501102407,
                0.7131328354729058
            ],
            [
                0.6732159356537736,
                0.047447687024691064,
                0.6203204171191448,
                0.7079110495156521
            ],
            [
                0.6724835532721645,
                0.05713303707616419,
                0.617948454967348,
                0.7080882668341671
            ],
            [
                0.6655995164554054,
                0.06198243728894634,
                0.6222087007579421,
                0.7113963872197485
            ]
        ]
    },
    "n_branches": 5,
    "n_branches_remaining": 0,
    "bug_profile": [
        {
            "lower_bounds": [
                0.0,
                0.0,
                0.0,
                0.0
            ],
            "upper_bounds": [
                1.0,
                1.0,
                1.0,
                1.0
            ],
            "granularity": 0.01
        }
    ],
    "sequence": {
        "class": "RandomSequence",
        "domain": {
            "lower_bounds": [
                0.0,
                0.0,
                0.0,
                0.0
            ],
            "upper_bounds": [
                1.0,
                1.0,
                1.0,
                1.0
            ],
            "granularity": 0.01
        },
        "axes_names": [
            "dim_0",
            "dim_1",
            "dim_2",
            "dim_3"
        ],
        "seed": 300,
        "offset": 4
    },
    "class": "SimpleSimulatorKnownBugsRRT",
    "step": 24,
    "domain": {
        "lower_bounds": [
            0.0,
            0.0,
            0.0,
            0.0
        ],
        "upper_bounds": [
            1.0,
            1.0,
            1.0,
            1.0
        ],
        "granularity": 0.01
    },
    "n_long_walks": 4,
    "n_local_searches": 20,
    "n_bugs": 0,
    "id": "",
    "state": "PAUSED"
}