{
    "bug_profile": [
        {
            "lower_bounds": [
                0.1656232680640165,
                0.5983938354695203,
                0.8700274145622581,
                0.9429613108098523,
                0.6173168725412981,
                0.6963609468523619,
                0.6821766561913588,
                0.5595242512120755,
                0.2129139437354206,
                0.907036297492935,
                0.4312766633906352,
                0.6957364969014905,
                0.8944041614338569,
                0.022564205760940537,
                0.7172065934564703,
                0.40873867448323464,
                0.10520518600272033,
                0.4059356442751726,
                0.10414835033780401,
                0.7183496681346074,
                0.8092028082796872,
                0.8280177901327691,
                0.3795960393089469,
                0.6480102033369742,
                0.9645460672769232,
                0.5124844576385857,
                0.526876861777837,
                0.42229356842962995,
                0.5656817527362151,
                0.8381800988016905,
                0.8254910388634416,
                0.35665699165240794,
                0.6600918452558144,
                0.4621561092663611,
                0.047316514098099005,
                0.224217922868309,
                0.5777763162422166,
                0.014317549623486858,
                0.9604420418930898,
                0.7896444924155068,
                0.6093177925435528,
                0.4090895231641447,
                0.141834089616935,
                0.3252826430599659,
                0.5112292200576669,
                0.7317155734780852,
                0.3489281379266542,
                0.31313393705972137,
                0.3759459304597911,
                0.38042177292984025
            ],
            "upper_bounds": [
                0.17335300249355745,
                0.6975843553517586,
                0.9814345173254677,
                1.0,
                0.7580877419729752,
                0.7626310746403838,
                0.78198249324296,
                0.6859829294833508,
                0.3447162167065735,
                0.9274130037576868,
                0.5291214289456131,
                0.7589017997762916,
                0.9268838226045819,
                0.051061761328574456,
                0.7858889936659273,
                0.4832059087978753,
                0.24708444624832843,
                0.4705608873118154,
                0.14657823765742958,
                0.8601256145338241,
                0.8706802567330789,
                0.8299338592841834,
                0.3946384368505714,
                0.6669312330330519,
                1.0,
                0.5695774665647032,
                0.6185047069774594,
                0.5252207782663023,
                0.732481360967897,
                1.0,
                0.833414226802793,
                0.4473132840789052,
                0.6882270018119242,
                0.5959572063886469,
                0.11313901299570348,
                0.24785795776662067,
                0.6209142086007746,
                0.12738153150120207,
                1.0,
                0.84676431679462,
                0.6537860712335808,
                0.45552516835365453,
                0.32587232071277605,
                0.3817863229260376,
                0.6397418175516023,
                0.8724232227235289,
                0.46816415354909763,
                0.33130696203260934,
                0.4694083504184441,
                0.41847112853349117
            ],
            "granularity": 0.01
        }
    ],
    "sequence": {
        "class": "FaureSequence",
        "domain": {
            "lower_bounds": [
                0.0,
                0.0,
                0.0,
                0.0,
                0.0,
                0.0,
                0.0,
                0.0,
                0.0,
                0.0,
                0.0,
                0.0,
                0.0,
                0.0,
                0.0,
                0.0,
                0.0,
                0.0,
                0.0,
                0.0,
                0.0,
                0.0,
                0.0,
                0.0,
                0.0,
                0.0,
                0.0,
                0.0,
                0.0,
                0.0,
                0.0,
                0.0,
                0.0,
                0.0,
                0.0,
                0.0,
                0.0,
                0.0,
                0.0,
                0.0,
                0.0,
                0.0,
                0.0,
                0.0,
                0.0,
                0.0,
                0.0,
                0.0,
                0.0,
                0.0
            ],
            "upper_bounds": [
                1.0,
                1.0,
                1.0,
                1.0,
                1.0,
                1.0,
                1.0,
                1.0,
                1.0,
                1.0,
                1.0,
                1.0,
                1.0,
                1.0,
                1.0,
                1.0,
                1.0,
                1.0,
                1.0,
                1.0,
                1.0,
                1.0,
                1.0,
                1.0,
                1.0,
                1.0,
                1.0,
                1.0,
                1.0,
                1.0,
                1.0,
                1.0,
                1.0,
                1.0,
                1.0,
                1.0,
                1.0,
                1.0,
                1.0,
                1.0,
                1.0,
                1.0,
                1.0,
                1.0,
                1.0,
                1.0,
                1.0,
                1.0,
                1.0,
                1.0
            ],
            "granularity": 0.01
        },
        "axes_names": [
            "dim_0",
            "dim_1",
            "dim_2",
            "dim_3",
            "dim_4",
            "dim_5",
            "dim_6",
            "dim_7",
            "dim_8",
            "dim_9",
            "dim_10",
            "dim_11",
            "dim_12",
            "dim_13",
            "dim_14",
            "dim_15",
            "dim_16",
            "dim_17",
            "dim_18",
            "dim_19",
            "dim_20",
            "dim_21",
            "dim_22",
            "dim_23",
            "dim_24",
            "dim_25",
            "dim_26",
            "dim_27",
            "dim_28",
            "dim_29",
            "dim_30",
            "dim_31",
            "dim_32",
            "dim_33",
            "dim_34",
            "dim_35",
            "dim_36",
            "dim_37",
            "dim_38",
            "dim_39",
            "dim_40",
            "dim_41",
            "dim_42",
            "dim_43",
            "dim_44",
            "dim_45",
            "dim_46",
            "dim_47",
            "dim_48",
            "dim_49"
        ],
        "seed": 300,
        "offset": 20
    },
    "class": "SimpleSimulatorKnownBugs",
    "step": 20,