{
    "bug_profile": [
        {
            "lower_bounds": [
                0.06877417093333704,
                0.4568701600263547,
                0.9919813385023535,
                0.07153819225705249,
                0.2851158433419406,
                0.9098430609094771,
                0.5407301954495755,
                0.18255108623156724,
                0.9004130334452134,
                0.07266974741870624,
                0.24408269444364994,
                0.9594272380907846,
                0.3598079393298854,
                0.6273401937197522,
                0.22754220649878898,
                0.9432862327034732,
                0.527111695765365,
                0.1404463044262798,
                0.6987457330374116,
                0.637693422425825,
                0.996451675934282,
                0.2736248018349836,
                0.3830459305806876,
                0.40901228552939073,
                0.27959464378563903,
                0.5093789944032227,
                0.9690198394609046,
                0.9565627583263806,
                0.494314202411106,
                0.5925493510706219,
                0.08198734749436354,
                0.4958963550152199,
                0.9873247785713136,
                0.7414202140281104,
                0.9921364471423971,
                0.5734949819080413,
                0.9134624415722593,
                0.5729855158815393,
                0.0983388113626007,
                0.6160280275753252,
                0.11673145743658553,
                0.07544246314860581,
                0.099606989016362,
                0.9354212527615176,
                0.10198461289269745,
                0.8463711313168845,
                0.1944098684445521,
                0.8039411214939043,
                0.044009925615973944,
                0.6993033208164521
            ],
            "upper_bounds": [
                0.2113452794444908,
                0.53175210950841,
                1.0,
                0.13610148352309226,
                0.30303658743815065,
                1.0,
                0.7188104599599665,
                0.2848799553233631,
                1.0,
                0.19694598227818566,
                0.2953992426897088,
                1.0,
                0.40178009350111576,
                0.6609336108129241,
                0.37553060133194915,
                0.9576937197934726,
                0.5483089880575126,
                0.31302571242623556,
                0.7952386755428053,
                0.7260826643584648,
                1.0,
                0.4004359266290667,
                0.5270046874431659,
                0.5471327932138916,
                0.3638251828342557,
                0.590473772551892,
                0.9801238677719935,
                0.9880858852189296,
                0.6701778651427437,
                0.7473331673521093,
                0.08576038105757458,
                0.6738456927069004,
                1.0,
                0.7577492604032358,
                1.0,
                0.629138518762832,
                0.9268429837347977,
                0.661320902739758,
                0.22192479412555963,
                0.7843599537610114,
                0.21476065885946205,
                0.18750350475100985,
                0.11528186466044363,
                0.9394005405763812,
                0.18651272787195466,
                1.0,
                0.21038545118589938,
                0.8560308098269149,
                0.15351135813185907,
                0.787285706889536
            ],
            "granularity": 0.01
        }
    ],
    "sequence": {
        "class": "HaltonSequence",
        "domain": {
            "lower_bounds": [
                0.0,
                0.0,
                0.0,
                0.0,
                0.0,
                0.0,
                0.0,
                0.0,
                0.0,
                0.0,
                0.0,
                0.0,
                0.0,
                0.0,
                0.0,
                0.0,
                0.0,
                0.0,
                0.0,
                0.0,
                0.0,
                0.0,
                0.0,
                0.0,
                0.0,
                0.0,
                0.0,
                0.0,
                0.0,
                0.0,
                0.0,
                0.0,
                0.0,
                0.0,
                0.0,
                0.0,
                0.0,
                0.0,
                0.0,
                0.0,
                0.0,
                0.0,
                0.0,
                0.0,
                0.0,
                0.0,
                0.0,
                0.0,
                0.0,
                0.0
            ],
            "upper_bounds": [
                1.0,
                1.0,
                1.0,
                1.0,
                1.0,
                1.0,
                1.0,
                1.0,
                1.0,
                1.0,
                1.0,
                1.0,
                1.0,
                1.0,
                1.0,
                1.0,
                1.0,
                1.0,
                1.0,
                1.0,
                1.0,
                1.0,
                1.0,
                1.0,
                1.0,
                1.0,
                1.0,
                1.0,
                1.0,
                1.0,
                1.0,
                1.0,
                1.0,
                1.0,
                1.0,
                1.0,
                1.0,
                1.0,
                1.0,
                1.0,
                1.0,
                1.0,
                1.0,
                1.0,
                1.0,
                1.0,
                1.0,
                1.0,
                1.0,
                1.0
            ],
            "granularity": 0.01
        },
        "axes_names": [
            "dim_0",
            "dim_1",
            "dim_2",
            "dim_3",
            "dim_4",
            "dim_5",
            "dim_6",
            "dim_7",
            "dim_8",
            "dim_9",
            "dim_10",
            "dim_11",
            "dim_12",
            "dim_13",
            "dim_14",
            "dim_15",
            "dim_16",
            "dim_17",
            "dim_18",
            "dim_19",
            "dim_20",
            "dim_21",
            "dim_22",
            "dim_23",
            "dim_24",
            "dim_25",
            "dim_26",
            "dim_27",
            "dim_28",
            "dim_29",
            "dim_30",
            "dim_31",
            "dim_32",
            "dim_33",
            "dim_34",
            "dim_35",
            "dim_36",
            "dim_37",
            "dim_38",
            "dim_39",
            "dim_40",
            "dim_41",
            "dim_42",
            "dim_43",
            "dim_44",
            "dim_45",
            "dim_46",
            "dim_47",
            "dim_48",
            "dim_49"
        ],
        "seed": 300,
        "offset": 20
    },
    "class": "SimpleSimulatorKnownBugs",
    "step": 20,