{
    "bug_profile": [
        {
            "lower_bounds": [
                0.6438895871049919,
                0.8712345641674889,
                0.40802611178201176,
                0.4375323154446621,
                0.004854073387818958,
                0.22364979048238143,
                0.30876936953184275,
                0.5376776344649772,
                0.5794376141562299,
                0.7283949672870363,
                0.4671241862819778,
                0.8771779775356146,
                0.7469549264820313,
                0.036862672139484576,
                0.7433444864465689,
                0.5580986889984338,
                0.5793307329079145,
                0.8395639054217973,
                0.33045689083429364,
                0.5883191340185702,
                0.9351112406782701,
                0.17995277087961237,
                0.023575063579605926,
                0.0980553187485802,
                0.1325079307168897,
                0.5486143478279782,
                0.3990537529087562,
                0.9842662601807448,
                0.32869998149102575,
                0.7719249306898656,
                0.8707850183908573,
                0.18489645819854417,
                0.17463053624630243,
                0.268314197236867,
                0.5200781179887147,
                0.5645338286044506,
                0.3913515713510909,
                0.012064718934798768,
                0.8221389381803604,
                0.3136706708391639,
                0.8431516883935714,
                0.8326750809166743,
                0.0285424870978499,
                0.8391973663476138,
                0.20281028463723527,
                0.43590966318132784,
                0.439416893866741,
                0.05153178303777495,
                0.30687027264400124,
                0.5042995730606717
            ],
            "upper_bounds": [
                0.6554832615959838,
                0.9669109952879489,
                0.47147139182500025,
                0.4841806921596416,
                0.08632052891360119,
                0.2442511006449835,
                0.4474725391815836,
                0.59358269911067,
                0.6213594609086871,
                0.7727241139538132,
                0.5813420526864325,
                0.9784060542678557,
                0.7483281008858826,
                0.11441781043866057,
                0.8695883906335093,
                0.6131528554092927,
                0.7692053141866445,
                0.8700464950488646,
                0.4676873556304103,
                0.7604909400623578,
                1.0,
                0.2950447231986525,
                0.15114296602733981,
                0.23631005422842266,
                0.14315927767406783,
                0.6493513591782301,
                0.461012428154489,
                1.0,
                0.3912079212421939,
                0.8084484512690581,
                0.8831371514786772,
                0.27658341700620775,
                0.2958418543131964,
                0.4418951069281908,
                0.6092598456016515,
                0.6440704475286584,
                0.5081091578350906,
                0.11308338514838148,
                0.8864344967198043,
                0.33355153546387517,
                0.8917125037244205,
                0.9395541581846262,
                0.12057396711606154,
                0.9025471088524664,
                0.26392235707781525,
                0.49608181232762205,
                0.5418935252654481,
                0.2093557421900316,
                0.4074350306755092,
                0.5567583566989536
            ],
            "granularity": 0.01
        }
    ],
    "sequence": {
        "class": "LatticeSequence",
        "domain": {
            "lower_bounds": [
                0.0,
                0.0,
                0.0,
                0.0,
                0.0,
                0.0,
                0.0,
                0.0,
                0.0,
                0.0,
                0.0,
                0.0,
                0.0,
                0.0,
                0.0,
                0.0,
                0.0,
                0.0,
                0.0,
                0.0,
                0.0,
                0.0,
                0.0,
                0.0,
                0.0,
                0.0,
                0.0,
                0.0,
                0.0,
                0.0,
                0.0,
                0.0,
                0.0,
                0.0,
                0.0,
                0.0,
                0.0,
                0.0,
                0.0,
                0.0,
                0.0,
                0.0,
                0.0,
                0.0,
                0.0,
                0.0,
                0.0,
                0.0,
                0.0,
                0.0
            ],
            "upper_bounds": [
                1.0,
                1.0,
                1.0,
                1.0,
                1.0,
                1.0,
                1.0,
                1.0,
                1.0,
                1.0,
                1.0,
                1.0,
                1.0,
                1.0,
                1.0,
                1.0,
                1.0,
                1.0,
                1.0,
                1.0,
                1.0,
                1.0,
                1.0,
                1.0,
                1.0,
                1.0,
                1.0,
                1.0,
                1.0,
                1.0,
                1.0,
                1.0,
                1.0,
                1.0,
                1.0,
                1.0,
                1.0,
                1.0,
                1.0,
                1.0,
                1.0,
                1.0,
                1.0,
                1.0,
                1.0,
                1.0,
                1.0,
                1.0,
                1.0,
                1.0
            ],
            "granularity": 0.01
        },
        "axes_names": [
            "dim_0",
            "dim_1",
            "dim_2",
            "dim_3",
            "dim_4",
            "dim_5",
            "dim_6",
            "dim_7",
            "dim_8",
            "dim_9",
            "dim_10",
            "dim_11",
            "dim_12",
            "dim_13",
            "dim_14",
            "dim_15",
            "dim_16",
            "dim_17",
            "dim_18",
            "dim_19",
            "dim_20",
            "dim_21",
            "dim_22",
            "dim_23",
            "dim_24",
            "dim_25",
            "dim_26",
            "dim_27",
            "dim_28",
            "dim_29",
            "dim_30",
            "dim_31",
            "dim_32",
            "dim_33",
            "dim_34",
            "dim_35",
            "dim_36",
            "dim_37",
            "dim_38",
            "dim_39",
            "dim_40",
            "dim_41",
            "dim_42",
            "dim_43",
            "dim_44",
            "dim_45",
            "dim_46",
            "dim_47",
            "dim_48",
            "dim_49"
        ],
        "seed": 300,
        "offset": 20
    },
    "class": "SimpleSimulatorKnownBugs",
    "step": 20,