{
    "bug_profile": [
        {
            "lower_bounds": [
                0.6455675568975985,
                0.374291237932619,
                0.03936430781684752,
                0.26942251548206253,
                0.06940634478347052,
                0.28211741154882186,
                0.14818461514832038,
                0.33538419843818545,
                0.6190555207242915,
                0.5375919410041685
            ],
            "upper_bounds": [
                0.7704036377898915,
                0.3888798583348458,
                0.05050934171790226,
                0.39600059548574346,
                0.0797662094704145,
                0.2829600236808477,
                0.25253428441806947,
                0.37477523111003763,
                0.6928447399161243,
                0.5378926967013954
            ],
            "granularity": 0.01
        }
    ],
    "sequence": {
        "class": "HaltonSequence",
        "domain": {
            "lower_bounds": [
                0.0,
                0.0,
                0.0,
                0.0,
                0.0,
                0.0,
                0.0,
                0.0,
                0.0,
                0.0
            ],
            "upper_bounds": [
                1.0,
                1.0,
                1.0,
                1.0,
                1.0,
                1.0,
                1.0,
                1.0,
                1.0,
                1.0
            ],
            "granularity": 0.01
        },
        "axes_names": [
            "dim_0",
            "dim_1",
            "dim_2",
            "dim_3",
            "dim_4",
            "dim_5",
            "dim_6",
            "dim_7",
            "dim_8",
            "dim_9"
        ],
        "seed": 300,
        "offset": 20
    },
    "class": "SimpleSimulatorKnownBugs",
    "step": 20,
    "domain": {
        "lower_bounds": [
            0.0,
            0.0,
            0.0,
            0.0,
            0.0,
            0.0,
            0.0,
            0.0,
            0.0,
            0.0
        ],
        "upper_bounds": [
            1.0,
            1.0,
            1.0,
            1.0,
            1.0,
            1.0,
            1.0,
            1.0,
            1.0,
            1.0
        ],
        "granularity": 0.01
    },
    "n_long_walks": 20,
    "n_local_searches": 0,
    "n_bugs": 0,
    "id": "",
    "state": "PAUSED"
}