{
    "bug_profile": [
        {
            "lower_bounds": [
                0.6835987786733296,
                0.23687014791065908,
                0.8496673596038954,
                0.08976388318913286,
                0.03719725764267834,
                0.24911771110054015,
                0.1703988891541972,
                0.31039701019451105,
                0.748661097191565,
                0.5546897928921068,
                0.7812867042206548,
                0.07834396932589094,
                0.09248645131545885,
                0.4543156944477398,
                0.7634520424086771,
                0.7490239852865016,
                0.011237928290627863,
                0.7849323763774287,
                0.141278701741141,
                0.8442429145074548,
                0.6711120434495793,
                0.1074124169392614,
                0.9974607762701362,
                0.5526094273629597,
                0.5911579086218575,
                0.3962453769201797,
                0.9523255551428882,
                0.7220084506504676,
                0.7355082860435832,
                0.7609823643124378,
                0.6409968469338744,
                0.45779878551255493,
                0.7013884163515174,
                0.3110941373072067,
                0.15344738873131925,
                0.4025218126277126,
                0.01971797186415003,
                0.016296655114184322,
                0.8891626167979034,
                0.37968065069487966,
                0.07197745344535544,
                0.7004988045405629,
                0.744965825434908,
                0.5087060698248126,
                0.8915976441200534,
                0.5444028082257953,
                0.12850317261875288,
                0.47504091112642,
                0.24840845846544968,
                0.2848030568628569
            ],
            "upper_bounds": [
                0.852428723935515,
                0.3261854682886709,
                0.8764249578991211,
                0.11976430076685438,
                0.14993929335812448,
                0.31770061228676766,
                0.33205533705223517,
                0.37737433698335326,
                0.8563104797919976,
                0.7086654925973626,
                0.8490615230700896,
                0.11271772178074035,
                0.165399968185378,
                0.5491817771004956,
                0.8218776972212307,
                0.7886492018148431,
                0.09461510669170056,
                0.7866094022838067,
                0.14692339678611774,
                0.9511233196990393,
                0.6871885197501952,
                0.25277129413669064,
                1.0,
                0.5563565931537254,
                0.6003843099763881,
                0.4034119285627343,
                1.0,
                0.7805288775095497,
                0.9022691116806059,
                0.9149749050825876,
                0.6627435166234454,
                0.578335141923092,
                0.8077313814469379,
                0.3717328054357504,
                0.1906333310962802,
                0.4700749733371898,
                0.08630106064102575,
                0.1271940981459635,
                0.9194675111789026,
                0.4477860223936047,
                0.07732550128252107,
                0.7489333712534357,
                0.872002728096083,
                0.5907300883099812,
                0.9551566614897273,
                0.5587818089275174,
                0.1993500934339164,
                0.5466024637830222,
                0.2904664622475174,
                0.318502953852946
            ],
            "granularity": 0.01
        }
    ],
    "sequence": {
        "class": "HaltonSequence",
        "domain": {
            "lower_bounds": [
                0.0,
                0.0,
                0.0,
                0.0,
                0.0,
                0.0,
                0.0,
                0.0,
                0.0,
                0.0,
                0.0,
                0.0,
                0.0,
                0.0,
                0.0,
                0.0,
                0.0,
                0.0,
                0.0,
                0.0,
                0.0,
                0.0,
                0.0,
                0.0,
                0.0,
                0.0,
                0.0,
                0.0,
                0.0,
                0.0,
                0.0,
                0.0,
                0.0,
                0.0,
                0.0,
                0.0,
                0.0,
                0.0,
                0.0,
                0.0,
                0.0,
                0.0,
                0.0,
                0.0,
                0.0,
                0.0,
                0.0,
                0.0,
                0.0,
                0.0
            ],
            "upper_bounds": [
                1.0,
                1.0,
                1.0,
                1.0,
                1.0,
                1.0,
                1.0,
                1.0,
                1.0,
                1.0,
                1.0,
                1.0,
                1.0,
                1.0,
                1.0,
                1.0,
                1.0,
                1.0,
                1.0,
                1.0,
                1.0,
                1.0,
                1.0,
                1.0,
                1.0,
                1.0,
                1.0,
                1.0,
                1.0,
                1.0,
                1.0,
                1.0,
                1.0,
                1.0,
                1.0,
                1.0,
                1.0,
                1.0,
                1.0,
                1.0,
                1.0,
                1.0,
                1.0,
                1.0,
                1.0,
                1.0,
                1.0,
                1.0,
                1.0,
                1.0
            ],
            "granularity": 0.01
        },
        "axes_names": [
            "dim_0",
            "dim_1",
            "dim_2",
            "dim_3",
            "dim_4",
            "dim_5",
            "dim_6",
            "dim_7",
            "dim_8",
            "dim_9",
            "dim_10",
            "dim_11",
            "dim_12",
            "dim_13",
            "dim_14",
            "dim_15",
            "dim_16",
            "dim_17",
            "dim_18",
            "dim_19",
            "dim_20",
            "dim_21",
            "dim_22",
            "dim_23",
            "dim_24",
            "dim_25",
            "dim_26",
            "dim_27",
            "dim_28",
            "dim_29",
            "dim_30",
            "dim_31",
            "dim_32",
            "dim_33",
            "dim_34",
            "dim_35",
            "dim_36",
            "dim_37",
            "dim_38",
            "dim_39",
            "dim_40",
            "dim_41",
            "dim_42",
            "dim_43",
            "dim_44",
            "dim_45",
            "dim_46",
            "dim_47",
            "dim_48",
            "dim_49"
        ],
        "seed": 300,
        "offset": 20
    },
    "class": "SimpleSimulatorKnownBugs",
    "step": 20,