{
    "bug_profile": [
        {
            "lower_bounds": [
                0.15842125401962248,
                0.37129548897650166,
                0.053220069382714175,
                0.8373299623329254,
                0.33571565431617156,
                0.5522962571828993,
                0.5566833280834598,
                0.9523809671030667,
                0.0933584285592094,
                0.6833412879637819
            ],
            "upper_bounds": [
                0.22075286368155872,
                0.39532993278161915,
                0.18673015581654573,
                0.9626261629027386,
                0.34353497871583816,
                0.677366104370943,
                0.7010032820865575,
                1.0,
                0.12001178983717722,
                0.7504298211050232
            ],
            "granularity": 0.01
        }
    ],
    "sequence": {
        "class": "SobolSequence",
        "domain": {
            "lower_bounds": [
                0.0,
                0.0,
                0.0,
                0.0,
                0.0,
                0.0,
                0.0,
                0.0,
                0.0,
                0.0
            ],
            "upper_bounds": [
                1.0,
                1.0,
                1.0,
                1.0,
                1.0,
                1.0,
                1.0,
                1.0,
                1.0,
                1.0
            ],
            "granularity": 0.01
        },
        "axes_names": [
            "dim_0",
            "dim_1",
            "dim_2",
            "dim_3",
            "dim_4",
            "dim_5",
            "dim_6",
            "dim_7",
            "dim_8",
            "dim_9"
        ],
        "seed": 300,
        "offset": 20
    },
    "class": "SimpleSimulatorKnownBugs",
    "step": 20,
    "domain": {
        "lower_bounds": [
            0.0,
            0.0,
            0.0,
            0.0,
            0.0,
            0.0,
            0.0,
            0.0,
            0.0,
            0.0
        ],
        "upper_bounds": [
            1.0,
            1.0,
            1.0,
            1.0,
            1.0,
            1.0,
            1.0,
            1.0,
            1.0,
            1.0
        ],
        "granularity": 0.01
    },
    "n_long_walks": 20,
    "n_local_searches": 0,
    "n_bugs": 0,
    "id": "",
    "state": "PAUSED"
}