{
    "bug_profile": [
        {
            "lower_bounds": [
                0.2428932400136561,
                0.5164657653034759,
                0.07048261611046247,
                0.14589757675224946,
                0.6508177281917489,
                0.8869074239348074,
                0.251621812925381,
                0.4899127534424528,
                0.4983704723786482,
                0.9932394922412549
            ],
            "upper_bounds": [
                0.31718039198428316,
                0.5708726114184673,
                0.12198280857477001,
                0.2590235955656069,
                0.6682477457726506,
                0.9461105139645889,
                0.3451249047875578,
                0.5849603110566433,
                0.5159946039421387,
                1.0
            ],
            "granularity": 0.01
        }
    ],
    "sequence": {
        "class": "FaureSequence",
        "domain": {
            "lower_bounds": [
                0.0,
                0.0,
                0.0,
                0.0,
                0.0,
                0.0,
                0.0,
                0.0,
                0.0,
                0.0
            ],
            "upper_bounds": [
                1.0,
                1.0,
                1.0,
                1.0,
                1.0,
                1.0,
                1.0,
                1.0,
                1.0,
                1.0
            ],
            "granularity": 0.01
        },
        "axes_names": [
            "dim_0",
            "dim_1",
            "dim_2",
            "dim_3",
            "dim_4",
            "dim_5",
            "dim_6",
            "dim_7",
            "dim_8",
            "dim_9"
        ],
        "seed": 300,
        "offset": 20
    },
    "class": "SimpleSimulatorKnownBugs",
    "step": 20,
    "domain": {
        "lower_bounds": [
            0.0,
            0.0,
            0.0,
            0.0,
            0.0,
            0.0,
            0.0,
            0.0,
            0.0,
            0.0
        ],
        "upper_bounds": [
            1.0,
            1.0,
            1.0,
            1.0,
            1.0,
            1.0,
            1.0,
            1.0,
            1.0,
            1.0
        ],
        "granularity": 0.01
    },
    "n_long_walks": 20,
    "n_local_searches": 0,
    "n_bugs": 0,
    "id": "",
    "state": "PAUSED"
}