{
    "bug_profile": [
        {
            "lower_bounds": [
                0.8931034161607012,
                0.5356798461572663,
                0.3772506964050686,
                0.720195927396735,
                0.8408528069448067
            ],
            "upper_bounds": [
                0.9773035497434283,
                0.5676627567234317,
                0.45156279120621123,
                0.8394855076645956,
                0.9119651221693889
            ],
            "granularity": 0.01
        }
    ],
    "sequence": {
        "class": "FaureSequence",
        "domain": {
            "lower_bounds": [
                0.0,
                0.0,
                0.0,
                0.0,
                0.0
            ],
            "upper_bounds": [
                1.0,
                1.0,
                1.0,
                1.0,
                1.0
            ],
            "granularity": 0.01
        },
        "axes_names": [
            "dim_0",
            "dim_1",
            "dim_2",
            "dim_3",
            "dim_4"
        ],
        "seed": 300,
        "offset": 20
    },
    "class": "SimpleSimulatorKnownBugs",
    "step": 20,
    "domain": {
        "lower_bounds": [
            0.0,
            0.0,
            0.0,
            0.0,
            0.0
        ],
        "upper_bounds": [
            1.0,
            1.0,
            1.0,
            1.0,
            1.0
        ],
        "granularity": 0.01
    },
    "n_long_walks": 20,
    "n_local_searches": 0,
    "n_bugs": 0,
    "id": "",
    "state": "PAUSED"
}