{
    "rrt": {
        "seq": {
            "class": "RandomSequence",
            "domain": {
                "lower_bounds": [
                    -0.9876587846715587,
                    -0.45556599142872267,
                    -0.7414534706101038,
                    -0.3989744600838214
                ],
                "upper_bounds": [
                    1.0123412153284415,
                    1.5444340085712773,
                    1.2585465293898963,
                    1.6010255399161786
                ],
                "granularity": 0.01
            },
            "axes_names": [
                "dim_0",
                "dim_1",
                "dim_2",
                "dim_3"
            ],
            "seed": 555,
            "offset": 20
        },
        "step_size": 0.01,
        "exploration_radius": 1.0,
        "root": [
            0.012341215328441346,
            0.5444340085712773,
            0.2585465293898962,
            0.6010255399161786
        ],
        "contents": [
            [
                0.012341215328441346,
                0.5444340085712773,
                0.2585465293898962,
                0.6010255399161786
            ],
            [
                0.01703519220948695,
                0.5382986117234334,
                0.2644672085434258,
                0.60332097994385
            ],
            [
                0.026479625976450205,
                0.536137914893787,
                0.2624058483890054,
                0.6046938799203844
            ],
            [
                0.03532898524277712,
                0.5399505183160724,
                0.2638690640115929,
                0.6024551535499523
            ],
            [
                0.043754253102213765,
                0.5353797186776178,
                0.2651403757055267,
                0.5999043852855436
            ],
            [
                0.052725551730687645,
                0.5362928534127563,
                0.26930506334800075,
                0.6010608292810963
            ]
        ]
    },
    "n_branches": 5,
    "n_branches_remaining": 0,
    "bug_profile": [
        {
            "lower_bounds": [
                0.0,
                0.0,
                0.0,
                0.0
            ],
            "upper_bounds": [
                1.0,
                1.0,
                1.0,
                1.0
            ],
            "granularity": 0.01
        }
    ],
    "sequence": {
        "class": "RandomSequence",
        "domain": {
            "lower_bounds": [
                0.0,
                0.0,
                0.0,
                0.0
            ],
            "upper_bounds": [
                1.0,
                1.0,
                1.0,
                1.0
            ],
            "granularity": 0.01
        },
        "axes_names": [
            "dim_0",
            "dim_1",
            "dim_2",
            "dim_3"
        ],
        "seed": 300,
        "offset": 4
    },
    "class": "SimpleSimulatorKnownBugsRRT",
    "step": 24,
    "domain": {
        "lower_bounds": [
            0.0,
            0.0,
            0.0,
            0.0
        ],
        "upper_bounds": [
            1.0,
            1.0,
            1.0,
            1.0
        ],
        "granularity": 0.01
    },
    "n_long_walks": 4,
    "n_local_searches": 20,
    "n_bugs": 0,
    "id": "",
    "state": "PAUSED"
}