{
    "bug_profile": [
        {
            "lower_bounds": [
                0.6537231394923226,
                0.9830229873749619,
                0.9387186877527164,
                0.4375804755397076,
                0.4172235025138633,
                0.3076968791285174,
                0.21392418850632522,
                0.6126401735737838,
                0.18900778946982177,
                0.7697909702991134,
                0.3676212572314218,
                0.8779337689149352,
                0.938758906103271,
                0.3073649202041453,
                0.25689174937218406,
                0.33559105028495007,
                0.563844003711292,
                0.4621063501916606,
                0.4866460940205215,
                0.10215516512398515,
                0.8067621673221567,
                0.21154830530919133,
                0.39327885549862096,
                0.027490084721518704,
                0.43357180288053665,
                0.833069453590696,
                0.5299011190961259,
                0.8498442149592604,
                0.07268523628023404,
                0.899970287775899,
                0.7177601306804694,
                0.6338397973118187,
                0.1344595270740474,
                0.3023306054660755,
                0.03602383936340159,
                0.6989541514056484,
                0.7024378321012539,
                0.5375709380512544,
                0.7225549836275883,
                0.5823930978788138,
                0.8618777916363547,
                0.9316287093929294,
                0.040169195224863175,
                0.25436759952970445,
                0.7471379900768004,
                0.21173653744994425,
                0.2687702411826638,
                0.770513345044055,
                0.8758777521736818,
                0.4643852468449077
            ],
            "upper_bounds": [
                0.7534230913583614,
                1.0,
                0.9911176570148486,
                0.5245041215411925,
                0.4797671302474371,
                0.4313908843849532,
                0.23320458867241065,
                0.6792303355253945,
                0.2459723847212684,
                0.8861375234466892,
                0.5451629821102675,
                0.9550528947852335,
                1.0,
                0.3623651743180829,
                0.3400180973593161,
                0.45829945103607295,
                0.6633581499841895,
                0.46884672290050505,
                0.5258056509303298,
                0.12304625393832597,
                0.8323999071169882,
                0.3346067410431116,
                0.4475382641246803,
                0.07420825494747477,
                0.5313107857940316,
                0.9080192446025269,
                0.6080981181630594,
                0.9701485328622338,
                0.215021396512687,
                1.0,
                0.8382197078695715,
                0.7751267194312091,
                0.22713749401653183,
                0.4187473402015573,
                0.15848880191747497,
                0.7194555133412424,
                0.7539390707027654,
                0.5807742930084728,
                0.8739110959388844,
                0.70362233805408,
                0.9230249550603059,
                0.9914797357470405,
                0.08175568404792971,
                0.3545109511809656,
                0.8494666077581222,
                0.3318586265885744,
                0.279298296442447,
                0.779342872724338,
                0.9673736134029349,
                0.5428090903863282
            ],
            "granularity": 0.01
        }
    ],
    "sequence": {
        "class": "HaltonSequence",
        "domain": {
            "lower_bounds": [
                0.0,
                0.0,
                0.0,
                0.0,
                0.0,
                0.0,
                0.0,
                0.0,
                0.0,
                0.0,
                0.0,
                0.0,
                0.0,
                0.0,
                0.0,
                0.0,
                0.0,
                0.0,
                0.0,
                0.0,
                0.0,
                0.0,
                0.0,
                0.0,
                0.0,
                0.0,
                0.0,
                0.0,
                0.0,
                0.0,
                0.0,
                0.0,
                0.0,
                0.0,
                0.0,
                0.0,
                0.0,
                0.0,
                0.0,
                0.0,
                0.0,
                0.0,
                0.0,
                0.0,
                0.0,
                0.0,
                0.0,
                0.0,
                0.0,
                0.0
            ],
            "upper_bounds": [
                1.0,
                1.0,
                1.0,
                1.0,
                1.0,
                1.0,
                1.0,
                1.0,
                1.0,
                1.0,
                1.0,
                1.0,
                1.0,
                1.0,
                1.0,
                1.0,
                1.0,
                1.0,
                1.0,
                1.0,
                1.0,
                1.0,
                1.0,
                1.0,
                1.0,
                1.0,
                1.0,
                1.0,
                1.0,
                1.0,
                1.0,
                1.0,
                1.0,
                1.0,
                1.0,
                1.0,
                1.0,
                1.0,
                1.0,
                1.0,
                1.0,
                1.0,
                1.0,
                1.0,
                1.0,
                1.0,
                1.0,
                1.0,
                1.0,
                1.0
            ],
            "granularity": 0.01
        },
        "axes_names": [
            "dim_0",
            "dim_1",
            "dim_2",
            "dim_3",
            "dim_4",
            "dim_5",
            "dim_6",
            "dim_7",
            "dim_8",
            "dim_9",
            "dim_10",
            "dim_11",
            "dim_12",
            "dim_13",
            "dim_14",
            "dim_15",
            "dim_16",
            "dim_17",
            "dim_18",
            "dim_19",
            "dim_20",
            "dim_21",
            "dim_22",
            "dim_23",
            "dim_24",
            "dim_25",
            "dim_26",
            "dim_27",
            "dim_28",
            "dim_29",
            "dim_30",
            "dim_31",
            "dim_32",
            "dim_33",
            "dim_34",
            "dim_35",
            "dim_36",
            "dim_37",
            "dim_38",
            "dim_39",
            "dim_40",
            "dim_41",
            "dim_42",
            "dim_43",
            "dim_44",
            "dim_45",
            "dim_46",
            "dim_47",
            "dim_48",
            "dim_49"
        ],
        "seed": 300,
        "offset": 20
    },
    "class": "SimpleSimulatorKnownBugs",
    "step": 20,