{
    "bug_profile": [
        {
            "lower_bounds": [
                0.11482863788734399,
                0.7279449335617666,
                0.7281081420041159,
                0.856940792343818,
                0.8475235234815253,
                0.7301026378409352,
                0.13526534670459778,
                0.7789814518456549,
                0.5872645395980466,
                0.35763499315955327,
                0.9055559458633338,
                0.5686221694435385,
                0.7336862761477019,
                0.7753637372911264,
                0.09969673418083946,
                0.30295610658337324,
                0.6844452868914543,
                0.13849670070516917,
                0.2528349736873444,
                0.6892409912563213,
                0.03177299826705937,
                0.4576096232303084,
                0.7814742235214117,
                0.9032744851003415,
                0.9282190415230157,
                0.37663411082410536,
                0.7908793577022762,
                0.8179611197514319,
                0.6725574949940971,
                0.6890745575702643,
                0.4187788488470907,
                0.5772911642560844,
                0.1666594996788242,
                0.8450215069317905,
                0.5368309213910764,
                0.9850293910888348,
                0.76038589190158,
                0.6100632742827117,
                0.3037007212232301,
                0.49141595126290627,
                0.1575609175298358,
                0.8369836437934044,
                0.0958027296694074,
                0.916886204774537,
                0.4989811351959109,
                0.9018193430312267,
                0.2909904212885752,
                0.46808522376137185,
                0.0930294085379153,
                0.1465549337469939
            ],
            "upper_bounds": [
                0.20342488329921726,
                0.8275750607271003,
                0.7915715413964082,
                0.887434852171201,
                0.9081007678903804,
                0.7992328733790551,
                0.14289188080509124,
                0.8868832438767617,
                0.7320849093168862,
                0.40985233828641204,
                1.0,
                0.717021347064377,
                0.8254140267617178,
                0.8508602429007444,
                0.2556450433404792,
                0.41390393493324085,
                0.7813951786869758,
                0.2532774307907333,
                0.26963670902702785,
                0.747681453511356,
                0.1520280003965515,
                0.4730292841059094,
                0.8695856400171904,
                0.9680609793422201,
                1.0,
                0.39560675429985304,
                0.7954170658612654,
                0.9103428620787599,
                0.6945355041296039,
                0.8244065071478182,
                0.43236339900953813,
                0.6569942206187315,
                0.1721565663428273,
                0.8891765561188196,
                0.6009836563230525,
                1.0,
                0.8537765514583832,
                0.6972978244296384,
                0.43835228086979783,
                0.5242091132774325,
                0.19882990218455962,
                0.9201996153330533,
                0.09614549260468723,
                0.9644169995587195,
                0.5871995629726913,
                0.9409856006816052,
                0.3689656754337567,
                0.5635198020922645,
                0.1109561563074837,
                0.15948150657490437
            ],
            "granularity": 0.01
        }
    ],
    "sequence": {
        "class": "FaureSequence",
        "domain": {
            "lower_bounds": [
                0.0,
                0.0,
                0.0,
                0.0,
                0.0,
                0.0,
                0.0,
                0.0,
                0.0,
                0.0,
                0.0,
                0.0,
                0.0,
                0.0,
                0.0,
                0.0,
                0.0,
                0.0,
                0.0,
                0.0,
                0.0,
                0.0,
                0.0,
                0.0,
                0.0,
                0.0,
                0.0,
                0.0,
                0.0,
                0.0,
                0.0,
                0.0,
                0.0,
                0.0,
                0.0,
                0.0,
                0.0,
                0.0,
                0.0,
                0.0,
                0.0,
                0.0,
                0.0,
                0.0,
                0.0,
                0.0,
                0.0,
                0.0,
                0.0,
                0.0
            ],
            "upper_bounds": [
                1.0,
                1.0,
                1.0,
                1.0,
                1.0,
                1.0,
                1.0,
                1.0,
                1.0,
                1.0,
                1.0,
                1.0,
                1.0,
                1.0,
                1.0,
                1.0,
                1.0,
                1.0,
                1.0,
                1.0,
                1.0,
                1.0,
                1.0,
                1.0,
                1.0,
                1.0,
                1.0,
                1.0,
                1.0,
                1.0,
                1.0,
                1.0,
                1.0,
                1.0,
                1.0,
                1.0,
                1.0,
                1.0,
                1.0,
                1.0,
                1.0,
                1.0,
                1.0,
                1.0,
                1.0,
                1.0,
                1.0,
                1.0,
                1.0,
                1.0
            ],
            "granularity": 0.01
        },
        "axes_names": [
            "dim_0",
            "dim_1",
            "dim_2",
            "dim_3",
            "dim_4",
            "dim_5",
            "dim_6",
            "dim_7",
            "dim_8",
            "dim_9",
            "dim_10",
            "dim_11",
            "dim_12",
            "dim_13",
            "dim_14",
            "dim_15",
            "dim_16",
            "dim_17",
            "dim_18",
            "dim_19",
            "dim_20",
            "dim_21",
            "dim_22",
            "dim_23",
            "dim_24",
            "dim_25",
            "dim_26",
            "dim_27",
            "dim_28",
            "dim_29",
            "dim_30",
            "dim_31",
            "dim_32",
            "dim_33",
            "dim_34",
            "dim_35",
            "dim_36",
            "dim_37",
            "dim_38",
            "dim_39",
            "dim_40",
            "dim_41",
            "dim_42",
            "dim_43",
            "dim_44",
            "dim_45",
            "dim_46",
            "dim_47",
            "dim_48",
            "dim_49"
        ],
        "seed": 300,
        "offset": 20
    },
    "class": "SimpleSimulatorKnownBugs",
    "step": 20,