{
    "bug_profile": [
        {
            "lower_bounds": [
                0.546157441351326,
                0.9134225277502181,
                0.5789010240222686,
                0.02730883330384304,
                0.8866362342057617,
                0.5167150079265734,
                0.16196755786649875,
                0.8167268666470873,
                0.6691242199340736,
                0.5479189942204903
            ],
            "upper_bounds": [
                0.6395785608969391,
                0.9222728821409961,
                0.6058649663715905,
                0.1275377761290484,
                0.934471497353611,
                0.6303890442183908,
                0.18621303053396498,
                0.8736351794222336,
                0.7556587601365023,
                0.6237660798773198
            ],
            "granularity": 0.01
        }
    ],
    "sequence": {
        "class": "FaureSequence",
        "domain": {
            "lower_bounds": [
                0.0,
                0.0,
                0.0,
                0.0,
                0.0,
                0.0,
                0.0,
                0.0,
                0.0,
                0.0
            ],
            "upper_bounds": [
                1.0,
                1.0,
                1.0,
                1.0,
                1.0,
                1.0,
                1.0,
                1.0,
                1.0,
                1.0
            ],
            "granularity": 0.01
        },
        "axes_names": [
            "dim_0",
            "dim_1",
            "dim_2",
            "dim_3",
            "dim_4",
            "dim_5",
            "dim_6",
            "dim_7",
            "dim_8",
            "dim_9"
        ],
        "seed": 300,
        "offset": 20
    },
    "class": "SimpleSimulatorKnownBugs",
    "step": 20,
    "domain": {
        "lower_bounds": [
            0.0,
            0.0,
            0.0,
            0.0,
            0.0,
            0.0,
            0.0,
            0.0,
            0.0,
            0.0
        ],
        "upper_bounds": [
            1.0,
            1.0,
            1.0,
            1.0,
            1.0,
            1.0,
            1.0,
            1.0,
            1.0,
            1.0
        ],
        "granularity": 0.01
    },
    "n_long_walks": 20,
    "n_local_searches": 0,
    "n_bugs": 0,
    "id": "",
    "state": "PAUSED"
}