{
    "bug_profile": [
        {
            "lower_bounds": [
                0.45761944518784115,
                0.7706856663142678,
                0.009138771735097029,
                0.5823947261471217,
                0.23707334858358475,
                0.8492376551310199,
                0.38760701476460124,
                0.7952163250732661,
                0.6289507416677214,
                0.39214005105098526
            ],
            "upper_bounds": [
                0.552894277832265,
                0.8587951726402354,
                0.06030087839744625,
                0.5849847927219074,
                0.3081180285251513,
                0.9130707515093868,
                0.4916096419637701,
                0.8072842366022942,
                0.6452033946922808,
                0.4491068776579699
            ],
            "granularity": 0.01
        }
    ],
    "sequence": {
        "class": "HaltonSequence",
        "domain": {
            "lower_bounds": [
                0.0,
                0.0,
                0.0,
                0.0,
                0.0,
                0.0,
                0.0,
                0.0,
                0.0,
                0.0
            ],
            "upper_bounds": [
                1.0,
                1.0,
                1.0,
                1.0,
                1.0,
                1.0,
                1.0,
                1.0,
                1.0,
                1.0
            ],
            "granularity": 0.01
        },
        "axes_names": [
            "dim_0",
            "dim_1",
            "dim_2",
            "dim_3",
            "dim_4",
            "dim_5",
            "dim_6",
            "dim_7",
            "dim_8",
            "dim_9"
        ],
        "seed": 300,
        "offset": 20
    },
    "class": "SimpleSimulatorKnownBugs",
    "step": 20,
    "domain": {
        "lower_bounds": [
            0.0,
            0.0,
            0.0,
            0.0,
            0.0,
            0.0,
            0.0,
            0.0,
            0.0,
            0.0
        ],
        "upper_bounds": [
            1.0,
            1.0,
            1.0,
            1.0,
            1.0,
            1.0,
            1.0,
            1.0,
            1.0,
            1.0
        ],
        "granularity": 0.01
    },
    "n_long_walks": 20,
    "n_local_searches": 0,
    "n_bugs": 0,
    "id": "",
    "state": "PAUSED"
}