{
    "rrt": {
        "seq": {
            "class": "RandomSequence",
            "domain": {
                "lower_bounds": [
                    -0.3608625707419916,
                    -0.27901432632854706,
                    -0.4473924653624599,
                    -0.4177758020228566
                ],
                "upper_bounds": [
                    1.6391374292580085,
                    1.720985673671453,
                    1.55260753463754,
                    1.5822241979771434
                ],
                "granularity": 0.01
            },
            "axes_names": [
                "dim_0",
                "dim_1",
                "dim_2",
                "dim_3"
            ],
            "seed": 555,
            "offset": 20
        },
        "step_size": 0.01,
        "exploration_radius": 1.0,
        "root": [
            0.6391374292580084,
            0.7209856736714529,
            0.5526075346375401,
            0.5822241979771434
        ],
        "contents": [
            [
                0.6391374292580084,
                0.7209856736714529,
                0.5526075346375401,
                0.5822241979771434
            ],
            [
                0.6393140720491057,
                0.7125128171888695,
                0.5509584837440893,
                0.5771783946218088
            ],
            [
                0.6360957940074398,
                0.7126828232127186,
                0.544257519642674,
                0.5704917763053554
            ],
            [
                0.634288755357285,
                0.7032795552221197,
                0.5415105825708627,
                0.5696157060243077
            ],
            [
                0.6430136482553113,
                0.705062759978377,
                0.5552568239119473,
                0.5806903819874245
            ],
            [
                0.6275443987797027,
                0.6988511256019315,
                0.5364977577019435,
                0.5727420860854977
            ]
        ]
    },
    "n_branches": 5,
    "n_branches_remaining": 0,
    "bug_profile": [
        {
            "lower_bounds": [
                0.0,
                0.0,
                0.0,
                0.0
            ],
            "upper_bounds": [
                1.0,
                1.0,
                1.0,
                1.0
            ],
            "granularity": 0.01
        }
    ],
    "sequence": {
        "class": "RandomSequence",
        "domain": {
            "lower_bounds": [
                0.0,
                0.0,
                0.0,
                0.0
            ],
            "upper_bounds": [
                1.0,
                1.0,
                1.0,
                1.0
            ],
            "granularity": 0.01
        },
        "axes_names": [
            "dim_0",
            "dim_1",
            "dim_2",
            "dim_3"
        ],
        "seed": 300,
        "offset": 4
    },
    "class": "SimpleSimulatorKnownBugsRRT",
    "step": 24,
    "domain": {
        "lower_bounds": [
            0.0,
            0.0,
            0.0,
            0.0
        ],
        "upper_bounds": [
            1.0,
            1.0,
            1.0,
            1.0
        ],
        "granularity": 0.01
    },
    "n_long_walks": 4,
    "n_local_searches": 20,
    "n_bugs": 0,
    "id": "",
    "state": "PAUSED"
}