{
    "bug_profile": [
        {
            "lower_bounds": [
                0.05888486340773391,
                0.04962584774843215,
                0.1603207628883382,
                0.13416747215480762,
                0.10485400131171785,
                0.16988550294951,
                0.7829570779834342,
                0.37374417430606954,
                0.4669211695881246,
                0.6189842926483835
            ],
            "upper_bounds": [
                0.11331783724322987,
                0.14028896875157087,
                0.1988639773352863,
                0.15596038822587469,
                0.15646330066539899,
                0.20932573592562398,
                0.8097222549328228,
                0.39187862953199737,
                0.5897071047501593,
                0.7376857307095864
            ],
            "granularity": 0.01
        }
    ],
    "sequence": {
        "class": "LatticeSequence",
        "domain": {
            "lower_bounds": [
                0.0,
                0.0,
                0.0,
                0.0,
                0.0,
                0.0,
                0.0,
                0.0,
                0.0,
                0.0
            ],
            "upper_bounds": [
                1.0,
                1.0,
                1.0,
                1.0,
                1.0,
                1.0,
                1.0,
                1.0,
                1.0,
                1.0
            ],
            "granularity": 0.01
        },
        "axes_names": [
            "dim_0",
            "dim_1",
            "dim_2",
            "dim_3",
            "dim_4",
            "dim_5",
            "dim_6",
            "dim_7",
            "dim_8",
            "dim_9"
        ],
        "seed": 300,
        "offset": 20
    },
    "class": "SimpleSimulatorKnownBugs",
    "step": 20,
    "domain": {
        "lower_bounds": [
            0.0,
            0.0,
            0.0,
            0.0,
            0.0,
            0.0,
            0.0,
            0.0,
            0.0,
            0.0
        ],
        "upper_bounds": [
            1.0,
            1.0,
            1.0,
            1.0,
            1.0,
            1.0,
            1.0,
            1.0,
            1.0,
            1.0
        ],
        "granularity": 0.01
    },
    "n_long_walks": 20,
    "n_local_searches": 0,
    "n_bugs": 0,
    "id": "",
    "state": "PAUSED"
}