{
    "bug_profile": [
        {
            "lower_bounds": [
                0.8024475900307676,
                0.3216648556523909,
                0.9245902355949661,
                0.9613990730606929,
                0.47522595437452175,
                0.4606753301468557,
                0.06567757378169581,
                0.6510154207708502,
                0.01925368180061282,
                0.7057103138805874
            ],
            "upper_bounds": [
                0.918310838891926,
                0.4495242701806726,
                0.9818545897192033,
                0.9937913106242534,
                0.5568037598738059,
                0.5127805304612654,
                0.0950674839637512,
                0.7285874580550198,
                0.06358377743705124,
                0.836577208390669
            ],
            "granularity": 0.01
        }
    ],
    "sequence": {
        "class": "RandomSequence",
        "domain": {
            "lower_bounds": [
                0.0,
                0.0,
                0.0,
                0.0,
                0.0,
                0.0,
                0.0,
                0.0,
                0.0,
                0.0
            ],
            "upper_bounds": [
                1.0,
                1.0,
                1.0,
                1.0,
                1.0,
                1.0,
                1.0,
                1.0,
                1.0,
                1.0
            ],
            "granularity": 0.01
        },
        "axes_names": [
            "dim_0",
            "dim_1",
            "dim_2",
            "dim_3",
            "dim_4",
            "dim_5",
            "dim_6",
            "dim_7",
            "dim_8",
            "dim_9"
        ],
        "seed": 300,
        "offset": 20
    },
    "class": "SimpleSimulatorKnownBugs",
    "step": 20,
    "domain": {
        "lower_bounds": [
            0.0,
            0.0,
            0.0,
            0.0,
            0.0,
            0.0,
            0.0,
            0.0,
            0.0,
            0.0
        ],
        "upper_bounds": [
            1.0,
            1.0,
            1.0,
            1.0,
            1.0,
            1.0,
            1.0,
            1.0,
            1.0,
            1.0
        ],
        "granularity": 0.01
    },
    "n_long_walks": 20,
    "n_local_searches": 0,
    "n_bugs": 0,
    "id": "",
    "state": "PAUSED"
}