{
    "bug_profile": [
        {
            "lower_bounds": [
                0.7981188816436158,
                0.6510724052921913,
                0.14382566251101792,
                0.37618314363755856,
                0.4180368984420699,
                0.6059918183342421,
                0.5125112184969169,
                0.7063748124677974,
                0.2872773275697502,
                0.9612259960469005,
                0.536562732813795,
                0.4657293084247609,
                0.6714797772514167,
                0.9779170719764971,
                0.49485672950528325,
                0.15245178567082118,
                0.7882895822976581,
                0.20625594041007766,
                0.6138291549134374,
                0.34536141725037195,
                0.5662143831469176,
                0.5378868969711427,
                0.264643604871758,
                0.8064647162417589,
                0.9564965497830021,
                0.08783410768531108,
                0.16276831885928544,
                0.6531983021904695,
                0.713052744870582,
                0.5007755876980632,
                0.13574625120805484,
                0.6222811669271898,
                0.5299034361832489,
                0.10617632006897204,
                0.12463111797932336,
                0.9575749042555345,
                0.7475959618418446,
                0.9984172163127496,
                0.44937065684609945,
                0.2551458553342597,
                0.9458233248230156,
                0.2354488016902473,
                0.4494046072083937,
                0.8398781367017101,
                0.1952944363012995,
                0.055478940684566824,
                0.15169853270432054,
                0.9302977104709461,
                0.657477638721266,
                0.6535238041530272
            ],
            "upper_bounds": [
                0.9204741769228962,
                0.6619327740939679,
                0.19348245856887186,
                0.4485051733959541,
                0.424081821824559,
                0.6245156763094395,
                0.564783255428501,
                0.7285883489062656,
                0.3401042632511695,
                1.0,
                0.6393473932509437,
                0.5449664955772296,
                0.7372204965732335,
                1.0,
                0.5597843753494665,
                0.2676034522178772,
                0.9188840773414557,
                0.3268883181209762,
                0.7493705893509678,
                0.39028262640849953,
                0.5777767186134676,
                0.6789957113992102,
                0.27501868332813273,
                0.8329411716991324,
                0.9702648845440995,
                0.1847834198790544,
                0.16664965980303334,
                0.6998471275807643,
                0.8940674013348476,
                0.6373011264420897,
                0.26274203621161984,
                0.7977223242639835,
                0.5847778877997991,
                0.16932111961406257,
                0.25408627688851404,
                1.0,
                0.7563517569842471,
                1.0,
                0.5803212594005696,
                0.28387770736870244,
                1.0,
                0.3623953661771634,
                0.48170361731369676,
                0.9431173364446239,
                0.27453803192557663,
                0.13186633773334847,
                0.2628401731720716,
                1.0,
                0.6794801545386112,
                0.6549278514433268
            ],
            "granularity": 0.01
        }
    ],
    "sequence": {
        "class": "FaureSequence",
        "domain": {
            "lower_bounds": [
                0.0,
                0.0,
                0.0,
                0.0,
                0.0,
                0.0,
                0.0,
                0.0,
                0.0,
                0.0,
                0.0,
                0.0,
                0.0,
                0.0,
                0.0,
                0.0,
                0.0,
                0.0,
                0.0,
                0.0,
                0.0,
                0.0,
                0.0,
                0.0,
                0.0,
                0.0,
                0.0,
                0.0,
                0.0,
                0.0,
                0.0,
                0.0,
                0.0,
                0.0,
                0.0,
                0.0,
                0.0,
                0.0,
                0.0,
                0.0,
                0.0,
                0.0,
                0.0,
                0.0,
                0.0,
                0.0,
                0.0,
                0.0,
                0.0,
                0.0
            ],
            "upper_bounds": [
                1.0,
                1.0,
                1.0,
                1.0,
                1.0,
                1.0,
                1.0,
                1.0,
                1.0,
                1.0,
                1.0,
                1.0,
                1.0,
                1.0,
                1.0,
                1.0,
                1.0,
                1.0,
                1.0,
                1.0,
                1.0,
                1.0,
                1.0,
                1.0,
                1.0,
                1.0,
                1.0,
                1.0,
                1.0,
                1.0,
                1.0,
                1.0,
                1.0,
                1.0,
                1.0,
                1.0,
                1.0,
                1.0,
                1.0,
                1.0,
                1.0,
                1.0,
                1.0,
                1.0,
                1.0,
                1.0,
                1.0,
                1.0,
                1.0,
                1.0
            ],
            "granularity": 0.01
        },
        "axes_names": [
            "dim_0",
            "dim_1",
            "dim_2",
            "dim_3",
            "dim_4",
            "dim_5",
            "dim_6",
            "dim_7",
            "dim_8",
            "dim_9",
            "dim_10",
            "dim_11",
            "dim_12",
            "dim_13",
            "dim_14",
            "dim_15",
            "dim_16",
            "dim_17",
            "dim_18",
            "dim_19",
            "dim_20",
            "dim_21",
            "dim_22",
            "dim_23",
            "dim_24",
            "dim_25",
            "dim_26",
            "dim_27",
            "dim_28",
            "dim_29",
            "dim_30",
            "dim_31",
            "dim_32",
            "dim_33",
            "dim_34",
            "dim_35",
            "dim_36",
            "dim_37",
            "dim_38",
            "dim_39",
            "dim_40",
            "dim_41",
            "dim_42",
            "dim_43",
            "dim_44",
            "dim_45",
            "dim_46",
            "dim_47",
            "dim_48",
            "dim_49"
        ],
        "seed": 300,
        "offset": 20
    },
    "class": "SimpleSimulatorKnownBugs",
    "step": 20,