{
    "bug_profile": [
        {
            "lower_bounds": [
                0.04761318671252601,
                0.9768902980613836,
                0.002192665202620958,
                0.4851008326037466,
                0.30500112427658377,
                0.9981742813136277,
                0.9979276711756913,
                0.2121940171430774,
                0.7809831849671923,
                0.30357057486783634
            ],
            "upper_bounds": [
                0.10619328856610454,
                1.0,
                0.10309575204054804,
                0.5502214651867009,
                0.3629087027229771,
                1.0,
                1.0,
                0.3198034754883454,
                0.8518307508743101,
                0.34508041409699597
            ],
            "granularity": 0.01
        }
    ],
    "sequence": {
        "class": "LatticeSequence",
        "domain": {
            "lower_bounds": [
                0.0,
                0.0,
                0.0,
                0.0,
                0.0,
                0.0,
                0.0,
                0.0,
                0.0,
                0.0
            ],
            "upper_bounds": [
                1.0,
                1.0,
                1.0,
                1.0,
                1.0,
                1.0,
                1.0,
                1.0,
                1.0,
                1.0
            ],
            "granularity": 0.01
        },
        "axes_names": [
            "dim_0",
            "dim_1",
            "dim_2",
            "dim_3",
            "dim_4",
            "dim_5",
            "dim_6",
            "dim_7",
            "dim_8",
            "dim_9"
        ],
        "seed": 300,
        "offset": 20
    },
    "class": "SimpleSimulatorKnownBugs",
    "step": 20,
    "domain": {
        "lower_bounds": [
            0.0,
            0.0,
            0.0,
            0.0,
            0.0,
            0.0,
            0.0,
            0.0,
            0.0,
            0.0
        ],
        "upper_bounds": [
            1.0,
            1.0,
            1.0,
            1.0,
            1.0,
            1.0,
            1.0,
            1.0,
            1.0,
            1.0
        ],
        "granularity": 0.01
    },
    "n_long_walks": 20,
    "n_local_searches": 0,
    "n_bugs": 0,
    "id": "",
    "state": "PAUSED"
}