{
    "bug_profile": [
        {
            "lower_bounds": [
                0.3967582090557813,
                0.6775182396497664,
                0.21937707590293665,
                0.38076646964761074,
                0.7240374703395855
            ],
            "upper_bounds": [
                0.5638484885671569,
                0.782925816132305,
                0.3591101180607529,
                0.45084699292943387,
                0.7450208598713892
            ],
            "granularity": 0.01
        }
    ],
    "sequence": {
        "class": "RandomSequence",
        "domain": {
            "lower_bounds": [
                0.0,
                0.0,
                0.0,
                0.0,
                0.0
            ],
            "upper_bounds": [
                1.0,
                1.0,
                1.0,
                1.0,
                1.0
            ],
            "granularity": 0.01
        },
        "axes_names": [
            "dim_0",
            "dim_1",
            "dim_2",
            "dim_3",
            "dim_4"
        ],
        "seed": 300,
        "offset": 20
    },
    "class": "SimpleSimulatorKnownBugs",
    "step": 20,
    "domain": {
        "lower_bounds": [
            0.0,
            0.0,
            0.0,
            0.0,
            0.0
        ],
        "upper_bounds": [
            1.0,
            1.0,
            1.0,
            1.0,
            1.0
        ],
        "granularity": 0.01
    },
    "n_long_walks": 20,
    "n_local_searches": 0,
    "n_bugs": 0,
    "id": "",
    "state": "PAUSED"
}