{
    "bug_profile": [
        {
            "lower_bounds": [
                0.9878129602539848,
                0.8509188583306238,
                0.06385361797198186,
                0.5282013980598448,
                0.7339255556485951,
                0.24999020971462094,
                0.8857381362345493,
                0.73573696463446,
                0.6310102179254968,
                0.7545016789927161,
                0.055017043116225794,
                0.4993333197106472,
                0.02479151454957873,
                0.7868788147470106,
                0.09674743197071545,
                0.8093896673808499,
                0.5385880285078526,
                0.1380559915153594,
                0.2114467906063624,
                0.33632048840048945,
                0.2612836507240923,
                0.40075018803857854,
                0.317311084089246,
                0.9361347464179314,
                0.32880182546685954,
                0.1698652889905201,
                0.378561896760092,
                0.41553753235842716,
                0.48416603077694975,
                0.09611782755035125,
                0.09061088624681124,
                0.9681312457979048,
                0.7681927427085045,
                0.2832015763359129,
                0.8321624464712036,
                0.32285550009116193,
                0.1960845759067238,
                0.5453980838492029,
                0.06579203411385393,
                0.009744556497829904,
                0.4123947521831576,
                0.40082625453884635,
                0.06799322371594063,
                0.14192350107567797,
                0.4246512522384839,
                0.9562051055383938,
                0.024865574393137524,
                0.42283539405053616,
                0.9464338284326839,
                0.3918931068503477
            ],
            "upper_bounds": [
                1.0,
                0.9411724237291381,
                0.10755188341176852,
                0.5732823032700146,
                0.7903284185118254,
                0.3017365043138248,
                0.9955400057661661,
                0.7378629746497878,
                0.6848651858274302,
                0.8448243586197685,
                0.11259706924692298,
                0.6292225130864545,
                0.08819136799060796,
                0.855317341228577,
                0.1436750821727526,
                0.8692444484032847,
                0.6791280521326731,
                0.30405989172208625,
                0.2625245713354516,
                0.48049980673909887,
                0.3694909958952404,
                0.4615884480397116,
                0.3732485157914271,
                1.0,
                0.4183658927041472,
                0.25357137326655615,
                0.47570523093234507,
                0.5158747213049776,
                0.5504535921807678,
                0.23002872201378538,
                0.20777319316009885,
                1.0,
                0.8958911438192524,
                0.3299965623776893,
                0.9160848284277134,
                0.3789280576261016,
                0.2659754241996515,
                0.6073903631902058,
                0.1037541152231238,
                0.0497698495432723,
                0.49412498953458467,
                0.41247055335478344,
                0.17727459631739423,
                0.16127592653198736,
                0.514379807318919,
                1.0,
                0.10003990220786006,
                0.4792528538507996,
                0.9771872212544199,
                0.5549144870536206
            ],
            "granularity": 0.01
        }
    ],
    "sequence": {
        "class": "RandomSequence",
        "domain": {
            "lower_bounds": [
                0.0,
                0.0,
                0.0,
                0.0,
                0.0,
                0.0,
                0.0,
                0.0,
                0.0,
                0.0,
                0.0,
                0.0,
                0.0,
                0.0,
                0.0,
                0.0,
                0.0,
                0.0,
                0.0,
                0.0,
                0.0,
                0.0,
                0.0,
                0.0,
                0.0,
                0.0,
                0.0,
                0.0,
                0.0,
                0.0,
                0.0,
                0.0,
                0.0,
                0.0,
                0.0,
                0.0,
                0.0,
                0.0,
                0.0,
                0.0,
                0.0,
                0.0,
                0.0,
                0.0,
                0.0,
                0.0,
                0.0,
                0.0,
                0.0,
                0.0
            ],
            "upper_bounds": [
                1.0,
                1.0,
                1.0,
                1.0,
                1.0,
                1.0,
                1.0,
                1.0,
                1.0,
                1.0,
                1.0,
                1.0,
                1.0,
                1.0,
                1.0,
                1.0,
                1.0,
                1.0,
                1.0,
                1.0,
                1.0,
                1.0,
                1.0,
                1.0,
                1.0,
                1.0,
                1.0,
                1.0,
                1.0,
                1.0,
                1.0,
                1.0,
                1.0,
                1.0,
                1.0,
                1.0,
                1.0,
                1.0,
                1.0,
                1.0,
                1.0,
                1.0,
                1.0,
                1.0,
                1.0,
                1.0,
                1.0,
                1.0,
                1.0,
                1.0
            ],
            "granularity": 0.01
        },
        "axes_names": [
            "dim_0",
            "dim_1",
            "dim_2",
            "dim_3",
            "dim_4",
            "dim_5",
            "dim_6",
            "dim_7",
            "dim_8",
            "dim_9",
            "dim_10",
            "dim_11",
            "dim_12",
            "dim_13",
            "dim_14",
            "dim_15",
            "dim_16",
            "dim_17",
            "dim_18",
            "dim_19",
            "dim_20",
            "dim_21",
            "dim_22",
            "dim_23",
            "dim_24",
            "dim_25",
            "dim_26",
            "dim_27",
            "dim_28",
            "dim_29",
            "dim_30",
            "dim_31",
            "dim_32",
            "dim_33",
            "dim_34",
            "dim_35",
            "dim_36",
            "dim_37",
            "dim_38",
            "dim_39",
            "dim_40",
            "dim_41",
            "dim_42",
            "dim_43",
            "dim_44",
            "dim_45",
            "dim_46",
            "dim_47",
            "dim_48",
            "dim_49"
        ],
        "seed": 300,
        "offset": 20
    },
    "class": "SimpleSimulatorKnownBugs",
    "step": 20,