{
    "bug_profile": [
        {
            "lower_bounds": [
                0.3390366024345809,
                0.26635424905730753,
                0.8701698944910813,
                0.5365449718693562,
                0.7014235341507724,
                0.21542356398769857,
                0.6731700086986887,
                0.5003032464088873,
                0.14639990201984043,
                0.9557886778730321,
                0.950796560697206,
                0.11496797836933104,
                0.3020255633923108,
                0.238275062275213,
                0.5734489350096053,
                0.26026239377872906,
                0.7164822208074341,
                0.44000392926252296,
                0.7836142861146684,
                0.10646547427737418,
                0.16333855674769915,
                0.919705640792806,
                0.5104060796451098,
                0.0726760962824724,
                0.8620753249168829,
                0.9807337187333376,
                0.07280900900781784,
                0.6282888929892485,
                0.0955310754621651,
                0.10162353355254328,
                0.4144097459764604,
                0.9241009647871605,
                0.32226529305317586,
                0.7692571716951908,
                0.9800647272423548,
                0.022012009340541372,
                0.1902728535098469,
                0.35634968346188467,
                0.7343254034762858,
                0.08643896093867065,
                0.540282223758712,
                0.03658499146648564,
                0.6709349153106019,
                0.8294901590331252,
                0.8588657078978627,
                0.019131564786652122,
                0.6402968014086323,
                0.29746979824054876,
                0.46107687984107826,
                0.31508099761808517
            ],
            "upper_bounds": [
                0.36302154817362947,
                0.3735197322644997,
                1.0,
                0.5644260886239005,
                0.8459125538387406,
                0.31277070621157343,
                0.7853145188213497,
                0.5776350377089872,
                0.27228552504124215,
                1.0,
                1.0,
                0.2563137916523185,
                0.39902207635037834,
                0.33059384383059803,
                0.6416201344522524,
                0.3329726844933836,
                0.8356687537674632,
                0.4595824696339045,
                0.8028041671908344,
                0.11627218824249637,
                0.24568247898285617,
                0.9947367302900025,
                0.6133950477314052,
                0.2131808950086112,
                0.99563870230196,
                1.0,
                0.07573939174471576,
                0.7407060048506302,
                0.17781420860824035,
                0.13467393046747558,
                0.5414461950886995,
                0.9344816622949861,
                0.32506871725161074,
                0.8318454251578181,
                1.0,
                0.04600118808502811,
                0.23780156540268782,
                0.4306337143487362,
                0.7853228121973941,
                0.20992669549517132,
                0.5554207852860806,
                0.0587422144095779,
                0.75457785707412,
                0.9003118517559022,
                0.9820839065350802,
                0.18545600360296077,
                0.6976383053733795,
                0.44313710158947495,
                0.4790057755410564,
                0.3683742983859507
            ],
            "granularity": 0.01
        }
    ],
    "sequence": {
        "class": "FaureSequence",
        "domain": {
            "lower_bounds": [
                0.0,
                0.0,
                0.0,
                0.0,
                0.0,
                0.0,
                0.0,
                0.0,
                0.0,
                0.0,
                0.0,
                0.0,
                0.0,
                0.0,
                0.0,
                0.0,
                0.0,
                0.0,
                0.0,
                0.0,
                0.0,
                0.0,
                0.0,
                0.0,
                0.0,
                0.0,
                0.0,
                0.0,
                0.0,
                0.0,
                0.0,
                0.0,
                0.0,
                0.0,
                0.0,
                0.0,
                0.0,
                0.0,
                0.0,
                0.0,
                0.0,
                0.0,
                0.0,
                0.0,
                0.0,
                0.0,
                0.0,
                0.0,
                0.0,
                0.0
            ],
            "upper_bounds": [
                1.0,
                1.0,
                1.0,
                1.0,
                1.0,
                1.0,
                1.0,
                1.0,
                1.0,
                1.0,
                1.0,
                1.0,
                1.0,
                1.0,
                1.0,
                1.0,
                1.0,
                1.0,
                1.0,
                1.0,
                1.0,
                1.0,
                1.0,
                1.0,
                1.0,
                1.0,
                1.0,
                1.0,
                1.0,
                1.0,
                1.0,
                1.0,
                1.0,
                1.0,
                1.0,
                1.0,
                1.0,
                1.0,
                1.0,
                1.0,
                1.0,
                1.0,
                1.0,
                1.0,
                1.0,
                1.0,
                1.0,
                1.0,
                1.0,
                1.0
            ],
            "granularity": 0.01
        },
        "axes_names": [
            "dim_0",
            "dim_1",
            "dim_2",
            "dim_3",
            "dim_4",
            "dim_5",
            "dim_6",
            "dim_7",
            "dim_8",
            "dim_9",
            "dim_10",
            "dim_11",
            "dim_12",
            "dim_13",
            "dim_14",
            "dim_15",
            "dim_16",
            "dim_17",
            "dim_18",
            "dim_19",
            "dim_20",
            "dim_21",
            "dim_22",
            "dim_23",
            "dim_24",
            "dim_25",
            "dim_26",
            "dim_27",
            "dim_28",
            "dim_29",
            "dim_30",
            "dim_31",
            "dim_32",
            "dim_33",
            "dim_34",
            "dim_35",
            "dim_36",
            "dim_37",
            "dim_38",
            "dim_39",
            "dim_40",
            "dim_41",
            "dim_42",
            "dim_43",
            "dim_44",
            "dim_45",
            "dim_46",
            "dim_47",
            "dim_48",
            "dim_49"
        ],
        "seed": 300,
        "offset": 20
    },
    "class": "SimpleSimulatorKnownBugs",
    "step": 20,