{
    "bug_profile": [
        {
            "lower_bounds": [
                0.3859930591900622,
                0.08061734074380689,
                0.12228910150227257,
                0.8246584441845489,
                0.5802595125063986,
                0.3287764743075041,
                0.10721975558029284,
                0.3886686616173587,
                0.7083377676984021,
                0.9876745798069378
            ],
            "upper_bounds": [
                0.42913639737277853,
                0.23945120932880834,
                0.13332487259958,
                0.8656992673146375,
                0.7088717987469726,
                0.3858561973497156,
                0.2176561200785891,
                0.4780699273500259,
                0.8333174516173872,
                1.0
            ],
            "granularity": 0.01
        }
    ],
    "sequence": {
        "class": "SobolSequence",
        "domain": {
            "lower_bounds": [
                0.0,
                0.0,
                0.0,
                0.0,
                0.0,
                0.0,
                0.0,
                0.0,
                0.0,
                0.0
            ],
            "upper_bounds": [
                1.0,
                1.0,
                1.0,
                1.0,
                1.0,
                1.0,
                1.0,
                1.0,
                1.0,
                1.0
            ],
            "granularity": 0.01
        },
        "axes_names": [
            "dim_0",
            "dim_1",
            "dim_2",
            "dim_3",
            "dim_4",
            "dim_5",
            "dim_6",
            "dim_7",
            "dim_8",
            "dim_9"
        ],
        "seed": 300,
        "offset": 20
    },
    "class": "SimpleSimulatorKnownBugs",
    "step": 20,
    "domain": {
        "lower_bounds": [
            0.0,
            0.0,
            0.0,
            0.0,
            0.0,
            0.0,
            0.0,
            0.0,
            0.0,
            0.0
        ],
        "upper_bounds": [
            1.0,
            1.0,
            1.0,
            1.0,
            1.0,
            1.0,
            1.0,
            1.0,
            1.0,
            1.0
        ],
        "granularity": 0.01
    },
    "n_long_walks": 20,
    "n_local_searches": 0,
    "n_bugs": 0,
    "id": "",
    "state": "PAUSED"
}