{
    "bug_profile": [
        {
            "lower_bounds": [
                0.45953604981259843,
                0.8734122897820167,
                0.6501198458801325,
                0.3445243050136907,
                0.019593964477431225,
                0.43922028896491194,
                0.1821643634347041,
                0.9065077268548861,
                0.2301079100029283,
                0.982337826931857
            ],
            "upper_bounds": [
                0.6194436776072603,
                0.9613402185192245,
                0.6542427171441237,
                0.39650549058600304,
                0.1014895564279309,
                0.4888328009818472,
                0.19644386145741397,
                0.9799945515945249,
                0.3043623302754217,
                1.0
            ],
            "granularity": 0.01
        }
    ],
    "sequence": {
        "class": "SobolSequence",
        "domain": {
            "lower_bounds": [
                0.0,
                0.0,
                0.0,
                0.0,
                0.0,
                0.0,
                0.0,
                0.0,
                0.0,
                0.0
            ],
            "upper_bounds": [
                1.0,
                1.0,
                1.0,
                1.0,
                1.0,
                1.0,
                1.0,
                1.0,
                1.0,
                1.0
            ],
            "granularity": 0.01
        },
        "axes_names": [
            "dim_0",
            "dim_1",
            "dim_2",
            "dim_3",
            "dim_4",
            "dim_5",
            "dim_6",
            "dim_7",
            "dim_8",
            "dim_9"
        ],
        "seed": 300,
        "offset": 20
    },
    "class": "SimpleSimulatorKnownBugs",
    "step": 20,
    "domain": {
        "lower_bounds": [
            0.0,
            0.0,
            0.0,
            0.0,
            0.0,
            0.0,
            0.0,
            0.0,
            0.0,
            0.0
        ],
        "upper_bounds": [
            1.0,
            1.0,
            1.0,
            1.0,
            1.0,
            1.0,
            1.0,
            1.0,
            1.0,
            1.0
        ],
        "granularity": 0.01
    },
    "n_long_walks": 20,
    "n_local_searches": 0,
    "n_bugs": 0,
    "id": "",
    "state": "PAUSED"
}