{
    "bug_profile": [
        {
            "lower_bounds": [
                0.481786521623247,
                0.5991072261514011,
                0.9838403328495995,
                0.14983473311556927,
                0.2926560964524403,
                0.9557674931431279,
                0.5089742285024961,
                0.8799675936761452,
                0.9094875983175332,
                0.151794959782939,
                0.8900867614819358,
                0.12389310321281966,
                0.30950666525100734,
                0.31043050586586096,
                0.9712553027543509,
                0.5459106988841493,
                0.9645194929233459,
                0.08024937050169423,
                0.8119301154866563,
                0.4044577698219681,
                0.1492733549468266,
                0.1903690369833786,
                0.47267942284713527,
                0.2706765516228099,
                0.7952894808516278,
                0.8657690752430304,
                0.212850563367037,
                0.9810804915001656,
                0.18491083940920794,
                0.6898571853386325,
                0.3791202445095804,
                0.6098357836707965,
                0.9682977469834863,
                0.6629031770681251,
                0.44276627065969165,
                0.8429304861651219,
                0.24848661778231262,
                0.3938657073968487,
                0.661812025314175,
                0.15136218229668996,
                0.20897654789804654,
                0.23158289122328035,
                0.021141637850752182,
                0.3219328841458601,
                0.7299919462241801,
                0.06009263497199813,
                0.8900877988502889,
                0.2668201964084371,
                0.009049254605643986,
                0.8254115891678455
            ],
            "upper_bounds": [
                0.5458892153130599,
                0.7260136781052183,
                1.0,
                0.27128325954821086,
                0.33067427780236947,
                1.0,
                0.6747153229782847,
                0.9448761668346796,
                1.0,
                0.2381455941772631,
                0.9100581866250123,
                0.26658392359721106,
                0.42977720018312343,
                0.42389653919633075,
                0.9882193995820255,
                0.6669246183466164,
                1.0,
                0.22104985093706483,
                0.9724470357696913,
                0.5063297606862079,
                0.15599000558227982,
                0.31212384444413066,
                0.5325963826958618,
                0.4121870503398063,
                0.8141625293287983,
                0.9484960680062162,
                0.31214897002278313,
                1.0,
                0.25969051745994326,
                0.883517260455685,
                0.46433552818178414,
                0.7150590994086746,
                0.9708803593512823,
                0.782917438005345,
                0.5100533087685776,
                0.9235585723074506,
                0.31879113217851285,
                0.49843917947971556,
                0.753578130484541,
                0.2817640085068706,
                0.2994179353427338,
                0.35886577138978953,
                0.13546121839677278,
                0.32575194493564696,
                0.7464512972669602,
                0.18121621059186216,
                0.9628937922086722,
                0.36831173584475824,
                0.020274289930052366,
                0.9435065913141283
            ],
            "granularity": 0.01
        }
    ],
    "sequence": {
        "class": "HaltonSequence",
        "domain": {
            "lower_bounds": [
                0.0,
                0.0,
                0.0,
                0.0,
                0.0,
                0.0,
                0.0,
                0.0,
                0.0,
                0.0,
                0.0,
                0.0,
                0.0,
                0.0,
                0.0,
                0.0,
                0.0,
                0.0,
                0.0,
                0.0,
                0.0,
                0.0,
                0.0,
                0.0,
                0.0,
                0.0,
                0.0,
                0.0,
                0.0,
                0.0,
                0.0,
                0.0,
                0.0,
                0.0,
                0.0,
                0.0,
                0.0,
                0.0,
                0.0,
                0.0,
                0.0,
                0.0,
                0.0,
                0.0,
                0.0,
                0.0,
                0.0,
                0.0,
                0.0,
                0.0
            ],
            "upper_bounds": [
                1.0,
                1.0,
                1.0,
                1.0,
                1.0,
                1.0,
                1.0,
                1.0,
                1.0,
                1.0,
                1.0,
                1.0,
                1.0,
                1.0,
                1.0,
                1.0,
                1.0,
                1.0,
                1.0,
                1.0,
                1.0,
                1.0,
                1.0,
                1.0,
                1.0,
                1.0,
                1.0,
                1.0,
                1.0,
                1.0,
                1.0,
                1.0,
                1.0,
                1.0,
                1.0,
                1.0,
                1.0,
                1.0,
                1.0,
                1.0,
                1.0,
                1.0,
                1.0,
                1.0,
                1.0,
                1.0,
                1.0,
                1.0,
                1.0,
                1.0
            ],
            "granularity": 0.01
        },
        "axes_names": [
            "dim_0",
            "dim_1",
            "dim_2",
            "dim_3",
            "dim_4",
            "dim_5",
            "dim_6",
            "dim_7",
            "dim_8",
            "dim_9",
            "dim_10",
            "dim_11",
            "dim_12",
            "dim_13",
            "dim_14",
            "dim_15",
            "dim_16",
            "dim_17",
            "dim_18",
            "dim_19",
            "dim_20",
            "dim_21",
            "dim_22",
            "dim_23",
            "dim_24",
            "dim_25",
            "dim_26",
            "dim_27",
            "dim_28",
            "dim_29",
            "dim_30",
            "dim_31",
            "dim_32",
            "dim_33",
            "dim_34",
            "dim_35",
            "dim_36",
            "dim_37",
            "dim_38",
            "dim_39",
            "dim_40",
            "dim_41",
            "dim_42",
            "dim_43",
            "dim_44",
            "dim_45",
            "dim_46",
            "dim_47",
            "dim_48",
            "dim_49"
        ],
        "seed": 300,
        "offset": 20
    },
    "class": "SimpleSimulatorKnownBugs",
    "step": 20,