{
    "bug_profile": [
        {
            "lower_bounds": [
                0.8350959202676576,
                0.7351932657480399,
                0.5653449252156083,
                0.4754740031664172,
                0.48608880271260835,
                0.8666419442609844,
                0.6581319516048175,
                0.34161112654174375,
                0.27327515050687445,
                0.9045483891209117,
                0.9601544239348713,
                0.7852209462887015,
                0.7467257901032635,
                0.5889542882244139,
                0.3309126217406799,
                0.05755575751436737,
                0.9858232222427309,
                0.9070090271311136,
                0.41774480197609565,
                0.4489940521181309,
                0.33203168213530343,
                0.4605018547589631,
                0.9450765068621759,
                0.5765152093918136,
                0.37924100130199523,
                0.27218631439091623,
                0.9290918356415118,
                0.7034553437548606,
                0.6857867227987712,
                0.9131315138063951,
                0.08890426766890924,
                0.7232713310470777,
                0.5634553546377093,
                0.7667602345534547,
                0.900531628521626,
                0.800305047843601,
                0.7192168256645199,
                0.03245381859287966,
                0.8541061663426986,
                0.7639910642969618,
                0.19608755788612453,
                0.8777602730306487,
                0.14951642978697177,
                0.015629751491058275,
                0.3389393551982639,
                0.30409539552349507,
                0.03078764535253453,
                0.21638371686360924,
                0.00316353069512032,
                0.3104843750894959
            ],
            "upper_bounds": [
                0.9450940067588308,
                0.9008240358231351,
                0.6961555703628999,
                0.5573413795489168,
                0.5566017708759027,
                0.8803523084766637,
                0.7647341315067155,
                0.3441947968131627,
                0.38802882185276943,
                1.0,
                1.0,
                0.7965593671775704,
                0.8682026845693497,
                0.6009644179035367,
                0.47487723784771996,
                0.08834002327230621,
                1.0,
                1.0,
                0.5068985507081026,
                0.4955597698091043,
                0.3444578501771825,
                0.46991710272433485,
                1.0,
                0.680088795778425,
                0.40013035221186344,
                0.28693533455382475,
                0.9575468011436569,
                0.8434903313480395,
                0.7749320202860235,
                1.0,
                0.21342402065734237,
                0.7676462640939902,
                0.5703376074551624,
                0.9182131130476793,
                0.9157341578012117,
                0.8423554061245436,
                0.8469810432982141,
                0.1295758052620887,
                0.9471105370267592,
                0.7969196652165291,
                0.28359125972007104,
                0.9224072778740948,
                0.2644825543607173,
                0.12487668259937557,
                0.43895460033809797,
                0.3943523263969018,
                0.09793387754197087,
                0.27185131545105384,
                0.043767635294036863,
                0.40613007119947164
            ],
            "granularity": 0.01
        }
    ],
    "sequence": {
        "class": "FaureSequence",
        "domain": {
            "lower_bounds": [
                0.0,
                0.0,
                0.0,
                0.0,
                0.0,
                0.0,
                0.0,
                0.0,
                0.0,
                0.0,
                0.0,
                0.0,
                0.0,
                0.0,
                0.0,
                0.0,
                0.0,
                0.0,
                0.0,
                0.0,
                0.0,
                0.0,
                0.0,
                0.0,
                0.0,
                0.0,
                0.0,
                0.0,
                0.0,
                0.0,
                0.0,
                0.0,
                0.0,
                0.0,
                0.0,
                0.0,
                0.0,
                0.0,
                0.0,
                0.0,
                0.0,
                0.0,
                0.0,
                0.0,
                0.0,
                0.0,
                0.0,
                0.0,
                0.0,
                0.0
            ],
            "upper_bounds": [
                1.0,
                1.0,
                1.0,
                1.0,
                1.0,
                1.0,
                1.0,
                1.0,
                1.0,
                1.0,
                1.0,
                1.0,
                1.0,
                1.0,
                1.0,
                1.0,
                1.0,
                1.0,
                1.0,
                1.0,
                1.0,
                1.0,
                1.0,
                1.0,
                1.0,
                1.0,
                1.0,
                1.0,
                1.0,
                1.0,
                1.0,
                1.0,
                1.0,
                1.0,
                1.0,
                1.0,
                1.0,
                1.0,
                1.0,
                1.0,
                1.0,
                1.0,
                1.0,
                1.0,
                1.0,
                1.0,
                1.0,
                1.0,
                1.0,
                1.0
            ],
            "granularity": 0.01
        },
        "axes_names": [
            "dim_0",
            "dim_1",
            "dim_2",
            "dim_3",
            "dim_4",
            "dim_5",
            "dim_6",
            "dim_7",
            "dim_8",
            "dim_9",
            "dim_10",
            "dim_11",
            "dim_12",
            "dim_13",
            "dim_14",
            "dim_15",
            "dim_16",
            "dim_17",
            "dim_18",
            "dim_19",
            "dim_20",
            "dim_21",
            "dim_22",
            "dim_23",
            "dim_24",
            "dim_25",
            "dim_26",
            "dim_27",
            "dim_28",
            "dim_29",
            "dim_30",
            "dim_31",
            "dim_32",
            "dim_33",
            "dim_34",
            "dim_35",
            "dim_36",
            "dim_37",
            "dim_38",
            "dim_39",
            "dim_40",
            "dim_41",
            "dim_42",
            "dim_43",
            "dim_44",
            "dim_45",
            "dim_46",
            "dim_47",
            "dim_48",
            "dim_49"
        ],
        "seed": 300,
        "offset": 20
    },
    "class": "SimpleSimulatorKnownBugs",
    "step": 20,