{
    "bug_profile": [
        {
            "lower_bounds": [
                0.9711476088171664,
                0.6748521916588641,
                0.8601757133732997,
                0.9263013421795635,
                0.5199131588963194,
                0.22578508747485737,
                0.8494133152327635,
                0.9187821647978099,
                0.5357740372735001,
                0.8807233638608484
            ],
            "upper_bounds": [
                1.0,
                0.7590501082517529,
                0.8738412352351145,
                0.9409873620999343,
                0.5333192019253975,
                0.2975400872449151,
                1.0,
                0.975059069363507,
                0.6838958723717263,
                0.9531186938544794
            ],
            "granularity": 0.01
        }
    ],
    "sequence": {
        "class": "LatticeSequence",
        "domain": {
            "lower_bounds": [
                0.0,
                0.0,
                0.0,
                0.0,
                0.0,
                0.0,
                0.0,
                0.0,
                0.0,
                0.0
            ],
            "upper_bounds": [
                1.0,
                1.0,
                1.0,
                1.0,
                1.0,
                1.0,
                1.0,
                1.0,
                1.0,
                1.0
            ],
            "granularity": 0.01
        },
        "axes_names": [
            "dim_0",
            "dim_1",
            "dim_2",
            "dim_3",
            "dim_4",
            "dim_5",
            "dim_6",
            "dim_7",
            "dim_8",
            "dim_9"
        ],
        "seed": 300,
        "offset": 20
    },
    "class": "SimpleSimulatorKnownBugs",
    "step": 20,
    "domain": {
        "lower_bounds": [
            0.0,
            0.0,
            0.0,
            0.0,
            0.0,
            0.0,
            0.0,
            0.0,
            0.0,
            0.0
        ],
        "upper_bounds": [
            1.0,
            1.0,
            1.0,
            1.0,
            1.0,
            1.0,
            1.0,
            1.0,
            1.0,
            1.0
        ],
        "granularity": 0.01
    },
    "n_long_walks": 20,
    "n_local_searches": 0,
    "n_bugs": 0,
    "id": "",
    "state": "PAUSED"
}