{
    "bug_profile": [
        {
            "lower_bounds": [
                0.41249561648132793,
                0.7945134731403881,
                0.038677604414341094,
                0.061992862146836525,
                0.13066803738025412,
                0.3263170355055621,
                0.21191483104196018,
                0.4578184936509563,
                0.2763355715463295,
                0.7238954606318133,
                0.5047913808891533,
                0.5502580862972841,
                0.12058484028772742,
                0.3155179105677153,
                0.36087009216906607,
                0.8790306742958768,
                0.4636405690450187,
                0.8042068510558165,
                0.6299044717873107,
                0.40383008863251657,
                0.8540913848334369,
                0.3327806014788325,
                0.4552905534879752,
                0.25583372700780427,
                0.2832777402045066,
                0.6385182881430913,
                0.5044452836391009,
                0.2937905245187773,
                0.7707089170890216,
                0.5142126563452241,
                0.5348349694635885,
                0.5864053404990319,
                0.3244384594036933,
                0.6136433080780991,
                0.04252910297698753,
                0.2512929976008844,
                0.7482780377570482,
                0.32868737045803653,
                0.5682363704974739,
                0.4617509978816303,
                0.7975683327605958,
                0.6036625173406346,
                0.35379991073085537,
                0.014696989581404307,
                0.8989477295951577,
                0.3192004022744863,
                0.909287286843587,
                0.6844207766396595,
                0.7493418706364068,
                0.8897076865332905
            ],
            "upper_bounds": [
                0.5084046826798839,
                0.967673505369886,
                0.0995870447056943,
                0.12376296903144489,
                0.2678608274041915,
                0.4585708292701861,
                0.3396277558923327,
                0.5449368527061534,
                0.35542920710845494,
                0.7593928851739655,
                0.5743833787618523,
                0.6238427110896035,
                0.1353255134240333,
                0.48039539757498195,
                0.4843678995355536,
                0.900018009184546,
                0.51121606338534,
                0.9875511758054649,
                0.7319076775544804,
                0.5054817602981433,
                0.9715439004397843,
                0.4279321405167097,
                0.46108963851995505,
                0.2709501449218843,
                0.3844872463772906,
                0.6942740444766372,
                0.5370831047011106,
                0.38768253476356757,
                0.7732308262019151,
                0.6008181008402358,
                0.6052590437009887,
                0.7691962631809176,
                0.43535577640177187,
                0.6857668623772615,
                0.14985435695802982,
                0.3194630580768294,
                0.8137677839184644,
                0.45524522029410563,
                0.6622031889350689,
                0.46800379730328195,
                0.8151587693406896,
                0.6566881250363477,
                0.39049441514895994,
                0.06668935223641057,
                0.9454958282748379,
                0.42244952758247206,
                1.0,
                0.8420209751610532,
                0.8595813886279815,
                1.0
            ],
            "granularity": 0.01
        }
    ],
    "sequence": {
        "class": "LatticeSequence",
        "domain": {
            "lower_bounds": [
                0.0,
                0.0,
                0.0,
                0.0,
                0.0,
                0.0,
                0.0,
                0.0,
                0.0,
                0.0,
                0.0,
                0.0,
                0.0,
                0.0,
                0.0,
                0.0,
                0.0,
                0.0,
                0.0,
                0.0,
                0.0,
                0.0,
                0.0,
                0.0,
                0.0,
                0.0,
                0.0,
                0.0,
                0.0,
                0.0,
                0.0,
                0.0,
                0.0,
                0.0,
                0.0,
                0.0,
                0.0,
                0.0,
                0.0,
                0.0,
                0.0,
                0.0,
                0.0,
                0.0,
                0.0,
                0.0,
                0.0,
                0.0,
                0.0,
                0.0
            ],
            "upper_bounds": [
                1.0,
                1.0,
                1.0,
                1.0,
                1.0,
                1.0,
                1.0,
                1.0,
                1.0,
                1.0,
                1.0,
                1.0,
                1.0,
                1.0,
                1.0,
                1.0,
                1.0,
                1.0,
                1.0,
                1.0,
                1.0,
                1.0,
                1.0,
                1.0,
                1.0,
                1.0,
                1.0,
                1.0,
                1.0,
                1.0,
                1.0,
                1.0,
                1.0,
                1.0,
                1.0,
                1.0,
                1.0,
                1.0,
                1.0,
                1.0,
                1.0,
                1.0,
                1.0,
                1.0,
                1.0,
                1.0,
                1.0,
                1.0,
                1.0,
                1.0
            ],
            "granularity": 0.01
        },
        "axes_names": [
            "dim_0",
            "dim_1",
            "dim_2",
            "dim_3",
            "dim_4",
            "dim_5",
            "dim_6",
            "dim_7",
            "dim_8",
            "dim_9",
            "dim_10",
            "dim_11",
            "dim_12",
            "dim_13",
            "dim_14",
            "dim_15",
            "dim_16",
            "dim_17",
            "dim_18",
            "dim_19",
            "dim_20",
            "dim_21",
            "dim_22",
            "dim_23",
            "dim_24",
            "dim_25",
            "dim_26",
            "dim_27",
            "dim_28",
            "dim_29",
            "dim_30",
            "dim_31",
            "dim_32",
            "dim_33",
            "dim_34",
            "dim_35",
            "dim_36",
            "dim_37",
            "dim_38",
            "dim_39",
            "dim_40",
            "dim_41",
            "dim_42",
            "dim_43",
            "dim_44",
            "dim_45",
            "dim_46",
            "dim_47",
            "dim_48",
            "dim_49"
        ],
        "seed": 300,
        "offset": 20
    },
    "class": "SimpleSimulatorKnownBugs",
    "step": 20,