{
    "bug_profile": [
        {
            "lower_bounds": [
                0.054485112857558415,
                0.6869627842734477,
                0.7918563739955716,
                0.8557635811689231,
                0.2577845209562959,
                0.7558230982733126,
                0.3175556954115004,
                0.7508220301137597,
                0.646788422090022,
                0.14776882295449378
            ],
            "upper_bounds": [
                0.1995545150918173,
                0.7962734602414633,
                0.812334847362251,
                0.9106073383340387,
                0.3043564329663783,
                0.8067057107121106,
                0.4664079307349659,
                0.7876461062442628,
                0.668978052526777,
                0.25640699535140643
            ],
            "granularity": 0.01
        }
    ],
    "sequence": {
        "class": "FaureSequence",
        "domain": {
            "lower_bounds": [
                0.0,
                0.0,
                0.0,
                0.0,
                0.0,
                0.0,
                0.0,
                0.0,
                0.0,
                0.0
            ],
            "upper_bounds": [
                1.0,
                1.0,
                1.0,
                1.0,
                1.0,
                1.0,
                1.0,
                1.0,
                1.0,
                1.0
            ],
            "granularity": 0.01
        },
        "axes_names": [
            "dim_0",
            "dim_1",
            "dim_2",
            "dim_3",
            "dim_4",
            "dim_5",
            "dim_6",
            "dim_7",
            "dim_8",
            "dim_9"
        ],
        "seed": 300,
        "offset": 20
    },
    "class": "SimpleSimulatorKnownBugs",
    "step": 20,
    "domain": {
        "lower_bounds": [
            0.0,
            0.0,
            0.0,
            0.0,
            0.0,
            0.0,
            0.0,
            0.0,
            0.0,
            0.0
        ],
        "upper_bounds": [
            1.0,
            1.0,
            1.0,
            1.0,
            1.0,
            1.0,
            1.0,
            1.0,
            1.0,
            1.0
        ],
        "granularity": 0.01
    },
    "n_long_walks": 20,
    "n_local_searches": 0,
    "n_bugs": 0,
    "id": "",
    "state": "PAUSED"
}