{
    "bug_profile": [
        {
            "lower_bounds": [
                0.7416562207838764,
                0.9804828117116865,
                0.3791687186695606,
                0.9966765519756949,
                0.08259515236429793,
                0.3339274201355258,
                0.7343730060602999,
                0.9468159498157898,
                0.8639193473428621,
                0.43171361836798217
            ],
            "upper_bounds": [
                0.7779580828089177,
                1.0,
                0.39723136120289926,
                1.0,
                0.17490422502611785,
                0.3589711194163052,
                0.7678405012975844,
                1.0,
                1.0,
                0.5422119617923531
            ],
            "granularity": 0.01
        }
    ],
    "sequence": {
        "class": "SobolSequence",
        "domain": {
            "lower_bounds": [
                0.0,
                0.0,
                0.0,
                0.0,
                0.0,
                0.0,
                0.0,
                0.0,
                0.0,
                0.0
            ],
            "upper_bounds": [
                1.0,
                1.0,
                1.0,
                1.0,
                1.0,
                1.0,
                1.0,
                1.0,
                1.0,
                1.0
            ],
            "granularity": 0.01
        },
        "axes_names": [
            "dim_0",
            "dim_1",
            "dim_2",
            "dim_3",
            "dim_4",
            "dim_5",
            "dim_6",
            "dim_7",
            "dim_8",
            "dim_9"
        ],
        "seed": 300,
        "offset": 20
    },
    "class": "SimpleSimulatorKnownBugs",
    "step": 20,
    "domain": {
        "lower_bounds": [
            0.0,
            0.0,
            0.0,
            0.0,
            0.0,
            0.0,
            0.0,
            0.0,
            0.0,
            0.0
        ],
        "upper_bounds": [
            1.0,
            1.0,
            1.0,
            1.0,
            1.0,
            1.0,
            1.0,
            1.0,
            1.0,
            1.0
        ],
        "granularity": 0.01
    },
    "n_long_walks": 20,
    "n_local_searches": 0,
    "n_bugs": 0,
    "id": "",
    "state": "PAUSED"
}