{
    "bug_profile": [
        {
            "lower_bounds": [
                0.8706745708371365,
                0.08205648435717128,
                0.1902157055957273,
                0.4567925743872736,
                0.27599564444015123,
                0.7751189512694507,
                0.21126948339348295,
                0.32142537671587923,
                0.5197923770037655,
                0.6941166719751062,
                0.855180816511667,
                0.5531555378895523,
                0.1753962621054025,
                0.6333928503841635,
                0.6297046780973123,
                0.16598527110090455,
                0.3940718205984606,
                0.9913010524861947,
                0.3332870203025803,
                0.6585941185324833,
                0.5483848538595137,
                0.01726350741962046,
                0.05991465433300325,
                0.3674997220760703,
                0.6029576660767029,
                0.8791830589091695,
                0.24558491842372865,
                0.12329082357354526,
                0.5496216418538867,
                0.20156050688658111,
                0.8854094074640774,
                0.3123264294029173,
                0.16813285473889672,
                0.03201365569969228,
                0.3005508158225392,
                0.3143571491007656,
                0.5950830016367608,
                0.4495582426639395,
                0.0014475402374859447,
                0.8161717471064005,
                0.8269889132741748,
                0.5698057780490939,
                0.6451548579698709,
                0.791954350020461,
                0.003229631077895756,
                0.2261922161634189,
                0.722333994246477,
                0.251141727669865,
                0.12766813772107188,
                0.03462706773677682
            ],
            "upper_bounds": [
                1.0,
                0.18570800650033842,
                0.26847964815204395,
                0.5056335895581915,
                0.3504305019813658,
                0.8003798421675058,
                0.25289837510394697,
                0.39897817103151745,
                0.5797782696042761,
                0.8045206798270527,
                0.9538221900397647,
                0.6788977909638382,
                0.1875376705551141,
                0.6942404732020067,
                0.6661748275898552,
                0.26537221481234763,
                0.5253049246359622,
                1.0,
                0.41094386648350223,
                0.7504384286981658,
                0.5766991640259284,
                0.09078311738010972,
                0.19710133561997736,
                0.3859601962600895,
                0.7332413399622735,
                0.9778882564408533,
                0.34529000018587497,
                0.19088830847240862,
                0.664325568060501,
                0.2893143492855733,
                1.0,
                0.43889631261718753,
                0.2575755413781234,
                0.06816883381004449,
                0.35650886830530215,
                0.38435139309042965,
                0.7074450987951469,
                0.4730339130861439,
                0.07853308741143361,
                0.8224341740206749,
                0.8698855298506313,
                0.6372618837709831,
                0.7271144902871299,
                0.8366285062027001,
                0.03313605603585072,
                0.2483950483946948,
                0.7812365921090692,
                0.2683340936798325,
                0.2326897559169458,
                0.08686224451472327
            ],
            "granularity": 0.01
        }
    ],
    "sequence": {
        "class": "RandomSequence",
        "domain": {
            "lower_bounds": [
                0.0,
                0.0,
                0.0,
                0.0,
                0.0,
                0.0,
                0.0,
                0.0,
                0.0,
                0.0,
                0.0,
                0.0,
                0.0,
                0.0,
                0.0,
                0.0,
                0.0,
                0.0,
                0.0,
                0.0,
                0.0,
                0.0,
                0.0,
                0.0,
                0.0,
                0.0,
                0.0,
                0.0,
                0.0,
                0.0,
                0.0,
                0.0,
                0.0,
                0.0,
                0.0,
                0.0,
                0.0,
                0.0,
                0.0,
                0.0,
                0.0,
                0.0,
                0.0,
                0.0,
                0.0,
                0.0,
                0.0,
                0.0,
                0.0,
                0.0
            ],
            "upper_bounds": [
                1.0,
                1.0,
                1.0,
                1.0,
                1.0,
                1.0,
                1.0,
                1.0,
                1.0,
                1.0,
                1.0,
                1.0,
                1.0,
                1.0,
                1.0,
                1.0,
                1.0,
                1.0,
                1.0,
                1.0,
                1.0,
                1.0,
                1.0,
                1.0,
                1.0,
                1.0,
                1.0,
                1.0,
                1.0,
                1.0,
                1.0,
                1.0,
                1.0,
                1.0,
                1.0,
                1.0,
                1.0,
                1.0,
                1.0,
                1.0,
                1.0,
                1.0,
                1.0,
                1.0,
                1.0,
                1.0,
                1.0,
                1.0,
                1.0,
                1.0
            ],
            "granularity": 0.01
        },
        "axes_names": [
            "dim_0",
            "dim_1",
            "dim_2",
            "dim_3",
            "dim_4",
            "dim_5",
            "dim_6",
            "dim_7",
            "dim_8",
            "dim_9",
            "dim_10",
            "dim_11",
            "dim_12",
            "dim_13",
            "dim_14",
            "dim_15",
            "dim_16",
            "dim_17",
            "dim_18",
            "dim_19",
            "dim_20",
            "dim_21",
            "dim_22",
            "dim_23",
            "dim_24",
            "dim_25",
            "dim_26",
            "dim_27",
            "dim_28",
            "dim_29",
            "dim_30",
            "dim_31",
            "dim_32",
            "dim_33",
            "dim_34",
            "dim_35",
            "dim_36",
            "dim_37",
            "dim_38",
            "dim_39",
            "dim_40",
            "dim_41",
            "dim_42",
            "dim_43",
            "dim_44",
            "dim_45",
            "dim_46",
            "dim_47",
            "dim_48",
            "dim_49"
        ],
        "seed": 300,
        "offset": 20
    },
    "class": "SimpleSimulatorKnownBugs",
    "step": 20,