{
    "bug_profile": [
        {
            "lower_bounds": [
                0.6994735991925785,
                0.38915885545054973,
                0.6028349084121043,
                0.0688962313285364,
                0.17184845725087716,
                0.14057910504594362,
                0.25477994023832284,
                0.4091533413135382,
                0.6806544759942383,
                0.5462023041035298
            ],
            "upper_bounds": [
                0.7662994758311472,
                0.5529562341677307,
                0.6262014393156299,
                0.09107002037919842,
                0.31598635780048356,
                0.19294761372641878,
                0.34897362149790173,
                0.413901304021591,
                0.8090103506978479,
                0.6062808619358657
            ],
            "granularity": 0.01
        }
    ],
    "sequence": {
        "class": "RandomSequence",
        "domain": {
            "lower_bounds": [
                0.0,
                0.0,
                0.0,
                0.0,
                0.0,
                0.0,
                0.0,
                0.0,
                0.0,
                0.0
            ],
            "upper_bounds": [
                1.0,
                1.0,
                1.0,
                1.0,
                1.0,
                1.0,
                1.0,
                1.0,
                1.0,
                1.0
            ],
            "granularity": 0.01
        },
        "axes_names": [
            "dim_0",
            "dim_1",
            "dim_2",
            "dim_3",
            "dim_4",
            "dim_5",
            "dim_6",
            "dim_7",
            "dim_8",
            "dim_9"
        ],
        "seed": 300,
        "offset": 20
    },
    "class": "SimpleSimulatorKnownBugs",
    "step": 20,
    "domain": {
        "lower_bounds": [
            0.0,
            0.0,
            0.0,
            0.0,
            0.0,
            0.0,
            0.0,
            0.0,
            0.0,
            0.0
        ],
        "upper_bounds": [
            1.0,
            1.0,
            1.0,
            1.0,
            1.0,
            1.0,
            1.0,
            1.0,
            1.0,
            1.0
        ],
        "granularity": 0.01
    },
    "n_long_walks": 20,
    "n_local_searches": 0,
    "n_bugs": 0,
    "id": "",
    "state": "PAUSED"
}