{
    "bug_profile": [
        {
            "lower_bounds": [
                0.06033806328157798,
                0.7675338732606776,
                0.49590368107277283,
                0.32137205250820877,
                0.1296195648024745,
                0.19476144309764198,
                0.6803507147436545,
                0.9036127273310804,
                0.7132866736256415,
                0.6297398012376589
            ],
            "upper_bounds": [
                0.16379551238180115,
                0.9177356467686855,
                0.522457968556621,
                0.34937552412162454,
                0.14222296178716465,
                0.28859072290015575,
                0.7254671776824821,
                0.9232951530606589,
                0.7311756765295168,
                0.6971948469135911
            ],
            "granularity": 0.01
        }
    ],
    "sequence": {
        "class": "HaltonSequence",
        "domain": {
            "lower_bounds": [
                0.0,
                0.0,
                0.0,
                0.0,
                0.0,
                0.0,
                0.0,
                0.0,
                0.0,
                0.0
            ],
            "upper_bounds": [
                1.0,
                1.0,
                1.0,
                1.0,
                1.0,
                1.0,
                1.0,
                1.0,
                1.0,
                1.0
            ],
            "granularity": 0.01
        },
        "axes_names": [
            "dim_0",
            "dim_1",
            "dim_2",
            "dim_3",
            "dim_4",
            "dim_5",
            "dim_6",
            "dim_7",
            "dim_8",
            "dim_9"
        ],
        "seed": 300,
        "offset": 20
    },
    "class": "SimpleSimulatorKnownBugs",
    "step": 20,
    "domain": {
        "lower_bounds": [
            0.0,
            0.0,
            0.0,
            0.0,
            0.0,
            0.0,
            0.0,
            0.0,
            0.0,
            0.0
        ],
        "upper_bounds": [
            1.0,
            1.0,
            1.0,
            1.0,
            1.0,
            1.0,
            1.0,
            1.0,
            1.0,
            1.0
        ],
        "granularity": 0.01
    },
    "n_long_walks": 20,
    "n_local_searches": 0,
    "n_bugs": 0,
    "id": "",
    "state": "PAUSED"
}