{
    "bug_profile": [
        {
            "lower_bounds": [
                0.05373419431811688,
                0.8448288656283258,
                0.8359696299344556,
                0.5323518649822667,
                0.018697732205618545,
                0.346828349435816,
                0.34458904349589303,
                0.7773534457649609,
                0.1225561043200094,
                0.857637806170029
            ],
            "upper_bounds": [
                0.16639050967207494,
                0.9503392667372506,
                0.9251910318000426,
                0.6459583448377545,
                0.13730041834597267,
                0.4035144531546213,
                0.37562207181534946,
                0.8633523818173525,
                0.23486901348218048,
                0.8824498269749597
            ],
            "granularity": 0.01
        }
    ],
    "sequence": {
        "class": "RandomSequence",
        "domain": {
            "lower_bounds": [
                0.0,
                0.0,
                0.0,
                0.0,
                0.0,
                0.0,
                0.0,
                0.0,
                0.0,
                0.0
            ],
            "upper_bounds": [
                1.0,
                1.0,
                1.0,
                1.0,
                1.0,
                1.0,
                1.0,
                1.0,
                1.0,
                1.0
            ],
            "granularity": 0.01
        },
        "axes_names": [
            "dim_0",
            "dim_1",
            "dim_2",
            "dim_3",
            "dim_4",
            "dim_5",
            "dim_6",
            "dim_7",
            "dim_8",
            "dim_9"
        ],
        "seed": 300,
        "offset": 20
    },
    "class": "SimpleSimulatorKnownBugs",
    "step": 20,
    "domain": {
        "lower_bounds": [
            0.0,
            0.0,
            0.0,
            0.0,
            0.0,
            0.0,
            0.0,
            0.0,
            0.0,
            0.0
        ],
        "upper_bounds": [
            1.0,
            1.0,
            1.0,
            1.0,
            1.0,
            1.0,
            1.0,
            1.0,
            1.0,
            1.0
        ],
        "granularity": 0.01
    },
    "n_long_walks": 20,
    "n_local_searches": 0,
    "n_bugs": 0,
    "id": "",
    "state": "PAUSED"
}