{
    "bug_profile": [
        {
            "lower_bounds": [
                0.11715925992787213,
                0.6668139579630122,
                0.1562406666088011,
                0.7070578505795884,
                0.26167072289625537,
                0.7741338883930874,
                0.939770813786855,
                0.6038432575568008,
                0.022814364062760273,
                0.3877819549835363
            ],
            "upper_bounds": [
                0.29526960035835526,
                0.7234883607024553,
                0.29289118528796276,
                0.7927654686026739,
                0.3801130552972229,
                0.779949820582042,
                1.0,
                0.6879866717078742,
                0.033710251188871776,
                0.5015712157507906
            ],
            "granularity": 0.01
        }
    ],
    "sequence": {
        "class": "RandomSequence",
        "domain": {
            "lower_bounds": [
                0.0,
                0.0,
                0.0,
                0.0,
                0.0,
                0.0,
                0.0,
                0.0,
                0.0,
                0.0
            ],
            "upper_bounds": [
                1.0,
                1.0,
                1.0,
                1.0,
                1.0,
                1.0,
                1.0,
                1.0,
                1.0,
                1.0
            ],
            "granularity": 0.01
        },
        "axes_names": [
            "dim_0",
            "dim_1",
            "dim_2",
            "dim_3",
            "dim_4",
            "dim_5",
            "dim_6",
            "dim_7",
            "dim_8",
            "dim_9"
        ],
        "seed": 300,
        "offset": 20
    },
    "class": "SimpleSimulatorKnownBugs",
    "step": 20,
    "domain": {
        "lower_bounds": [
            0.0,
            0.0,
            0.0,
            0.0,
            0.0,
            0.0,
            0.0,
            0.0,
            0.0,
            0.0
        ],
        "upper_bounds": [
            1.0,
            1.0,
            1.0,
            1.0,
            1.0,
            1.0,
            1.0,
            1.0,
            1.0,
            1.0
        ],
        "granularity": 0.01
    },
    "n_long_walks": 20,
    "n_local_searches": 0,
    "n_bugs": 0,
    "id": "",
    "state": "PAUSED"
}