{
    "bug_profile": [
        {
            "lower_bounds": [
                0.010755725317057818,
                0.9145101651667674,
                0.7387784550035568,
                0.6075688490039787,
                0.6655437876845409,
                0.6064207948920415,
                0.13030575097380503,
                0.031158338174065103,
                0.16611579362511286,
                0.519021114159254,
                0.0923280064212667,
                0.2471439024593074,
                0.6218909337636407,
                0.19793508142472538,
                0.6209232196834625,
                0.7797333117194588,
                0.028279841280405282,
                0.857928373551151,
                0.028481853272897317,
                0.9543248364653045,
                0.3394739755181204,
                0.7517025575603343,
                0.9601813131544735,
                0.03562881619923608,
                0.684724815346418,
                0.7408062811865267,
                0.6836729402305005,
                0.9357004726060386,
                0.5143888395321816,
                0.7174545000462941,
                0.6077983146320652,
                0.7869032269482464,
                0.05030702815976451,
                0.2617793487968111,
                0.6765927218372214,
                0.1861540443587434,
                0.08705490340420641,
                0.9059258202837063,
                0.33653129867313414,
                0.20133162433109963,
                0.10613689904918255,
                0.06274736246156754,
                0.6992174481686126,
                0.5708676538259422,
                0.48451777091738124,
                0.04307679625308125,
                0.3389641456149419,
                0.9881931531599786,
                0.30209715101096235,
                0.7787369228045962
            ],
            "upper_bounds": [
                0.13545690202493924,
                0.9856371856106944,
                0.819965414847289,
                0.649986727937678,
                0.6921256769740375,
                0.7346926275795789,
                0.23362314336875617,
                0.07863559401808826,
                0.21004367655701098,
                0.650727900387793,
                0.18831309307688657,
                0.25914626682911535,
                0.6780907446144009,
                0.26378139078921353,
                0.7012180232137992,
                0.8964262235539965,
                0.17692909586178737,
                0.865426660192755,
                0.12701415389068516,
                1.0,
                0.4169518528351952,
                0.8793972549525833,
                1.0,
                0.059628140854065016,
                0.7285744679268776,
                0.8221368056615729,
                0.7752403109611335,
                0.974713450430344,
                0.5269486049477634,
                0.9153002126690569,
                0.6441570531433227,
                0.8265884517002243,
                0.07915455444464424,
                0.3895179242766105,
                0.72075375532416,
                0.2082993520033359,
                0.15455431636881412,
                0.9728272126318043,
                0.4666784076115196,
                0.23996169391193117,
                0.1845131256613145,
                0.07820967072678002,
                0.8843761793386336,
                0.5950705833528916,
                0.6110044917653098,
                0.13306028604404707,
                0.4254567661748834,
                1.0,
                0.4078309277988734,
                0.8376215674556517
            ],
            "granularity": 0.01
        }
    ],
    "sequence": {
        "class": "LatticeSequence",
        "domain": {
            "lower_bounds": [
                0.0,
                0.0,
                0.0,
                0.0,
                0.0,
                0.0,
                0.0,
                0.0,
                0.0,
                0.0,
                0.0,
                0.0,
                0.0,
                0.0,
                0.0,
                0.0,
                0.0,
                0.0,
                0.0,
                0.0,
                0.0,
                0.0,
                0.0,
                0.0,
                0.0,
                0.0,
                0.0,
                0.0,
                0.0,
                0.0,
                0.0,
                0.0,
                0.0,
                0.0,
                0.0,
                0.0,
                0.0,
                0.0,
                0.0,
                0.0,
                0.0,
                0.0,
                0.0,
                0.0,
                0.0,
                0.0,
                0.0,
                0.0,
                0.0,
                0.0
            ],
            "upper_bounds": [
                1.0,
                1.0,
                1.0,
                1.0,
                1.0,
                1.0,
                1.0,
                1.0,
                1.0,
                1.0,
                1.0,
                1.0,
                1.0,
                1.0,
                1.0,
                1.0,
                1.0,
                1.0,
                1.0,
                1.0,
                1.0,
                1.0,
                1.0,
                1.0,
                1.0,
                1.0,
                1.0,
                1.0,
                1.0,
                1.0,
                1.0,
                1.0,
                1.0,
                1.0,
                1.0,
                1.0,
                1.0,
                1.0,
                1.0,
                1.0,
                1.0,
                1.0,
                1.0,
                1.0,
                1.0,
                1.0,
                1.0,
                1.0,
                1.0,
                1.0
            ],
            "granularity": 0.01
        },
        "axes_names": [
            "dim_0",
            "dim_1",
            "dim_2",
            "dim_3",
            "dim_4",
            "dim_5",
            "dim_6",
            "dim_7",
            "dim_8",
            "dim_9",
            "dim_10",
            "dim_11",
            "dim_12",
            "dim_13",
            "dim_14",
            "dim_15",
            "dim_16",
            "dim_17",
            "dim_18",
            "dim_19",
            "dim_20",
            "dim_21",
            "dim_22",
            "dim_23",
            "dim_24",
            "dim_25",
            "dim_26",
            "dim_27",
            "dim_28",
            "dim_29",
            "dim_30",
            "dim_31",
            "dim_32",
            "dim_33",
            "dim_34",
            "dim_35",
            "dim_36",
            "dim_37",
            "dim_38",
            "dim_39",
            "dim_40",
            "dim_41",
            "dim_42",
            "dim_43",
            "dim_44",
            "dim_45",
            "dim_46",
            "dim_47",
            "dim_48",
            "dim_49"
        ],
        "seed": 300,
        "offset": 20
    },
    "class": "SimpleSimulatorKnownBugs",
    "step": 20,