{
    "bug_profile": [
        {
            "lower_bounds": [
                0.43408137204830133,
                0.9765035902198114,
                0.4140416058717289,
                0.7484127436799187,
                0.4769681160212331
            ],
            "upper_bounds": [
                0.5176320908044152,
                1.0,
                0.46730029680201973,
                0.8518431169153547,
                0.5131190474683862
            ],
            "granularity": 0.01
        }
    ],
    "sequence": {
        "class": "RandomSequence",
        "domain": {
            "lower_bounds": [
                0.0,
                0.0,
                0.0,
                0.0,
                0.0
            ],
            "upper_bounds": [
                1.0,
                1.0,
                1.0,
                1.0,
                1.0
            ],
            "granularity": 0.01
        },
        "axes_names": [
            "dim_0",
            "dim_1",
            "dim_2",
            "dim_3",
            "dim_4"
        ],
        "seed": 300,
        "offset": 20
    },
    "class": "SimpleSimulatorKnownBugs",
    "step": 20,
    "domain": {
        "lower_bounds": [
            0.0,
            0.0,
            0.0,
            0.0,
            0.0
        ],
        "upper_bounds": [
            1.0,
            1.0,
            1.0,
            1.0,
            1.0
        ],
        "granularity": 0.01
    },
    "n_long_walks": 20,
    "n_local_searches": 0,
    "n_bugs": 0,
    "id": "",
    "state": "PAUSED"
}