{
    "bug_profile": [
        {
            "lower_bounds": [
                0.8760907855390785,
                0.5325844076947316,
                0.7162481582954422,
                0.7132565657166655,
                0.40825121706052625,
                0.40615385910976753,
                0.6148363516579511,
                0.2608298033365466,
                0.34591141014187676,
                0.7240940597538923
            ],
            "upper_bounds": [
                0.9385311701358486,
                0.6668758288896465,
                0.7918175448786896,
                0.7243611596753007,
                0.5306230561901294,
                0.5217544568352952,
                0.6823398790636885,
                0.3660490306437858,
                0.44633995552266925,
                0.8685084593450133
            ],
            "granularity": 0.01
        }
    ],
    "sequence": {
        "class": "RandomSequence",
        "domain": {
            "lower_bounds": [
                0.0,
                0.0,
                0.0,
                0.0,
                0.0,
                0.0,
                0.0,
                0.0,
                0.0,
                0.0
            ],
            "upper_bounds": [
                1.0,
                1.0,
                1.0,
                1.0,
                1.0,
                1.0,
                1.0,
                1.0,
                1.0,
                1.0
            ],
            "granularity": 0.01
        },
        "axes_names": [
            "dim_0",
            "dim_1",
            "dim_2",
            "dim_3",
            "dim_4",
            "dim_5",
            "dim_6",
            "dim_7",
            "dim_8",
            "dim_9"
        ],
        "seed": 300,
        "offset": 20
    },
    "class": "SimpleSimulatorKnownBugs",
    "step": 20,
    "domain": {
        "lower_bounds": [
            0.0,
            0.0,
            0.0,
            0.0,
            0.0,
            0.0,
            0.0,
            0.0,
            0.0,
            0.0
        ],
        "upper_bounds": [
            1.0,
            1.0,
            1.0,
            1.0,
            1.0,
            1.0,
            1.0,
            1.0,
            1.0,
            1.0
        ],
        "granularity": 0.01
    },
    "n_long_walks": 20,
    "n_local_searches": 0,
    "n_bugs": 0,
    "id": "",
    "state": "PAUSED"
}