{
    "bug_profile": [
        {
            "lower_bounds": [
                0.13412951664071437,
                0.7033325030024455,
                0.7880899086097528,
                0.45081878129950004,
                0.41589549032776674
            ],
            "upper_bounds": [
                0.2397958337342157,
                0.7679196635913932,
                0.9205104636598556,
                0.5539689252931908,
                0.4340373685381547
            ],
            "granularity": 0.01
        }
    ],
    "sequence": {
        "class": "SobolSequence",
        "domain": {
            "lower_bounds": [
                0.0,
                0.0,
                0.0,
                0.0,
                0.0
            ],
            "upper_bounds": [
                1.0,
                1.0,
                1.0,
                1.0,
                1.0
            ],
            "granularity": 0.01
        },
        "axes_names": [
            "dim_0",
            "dim_1",
            "dim_2",
            "dim_3",
            "dim_4"
        ],
        "seed": 300,
        "offset": 20
    },
    "class": "SimpleSimulatorKnownBugs",
    "step": 20,
    "domain": {
        "lower_bounds": [
            0.0,
            0.0,
            0.0,
            0.0,
            0.0
        ],
        "upper_bounds": [
            1.0,
            1.0,
            1.0,
            1.0,
            1.0
        ],
        "granularity": 0.01
    },
    "n_long_walks": 20,
    "n_local_searches": 0,
    "n_bugs": 0,
    "id": "",
    "state": "PAUSED"
}