{
    "bug_profile": [
        {
            "lower_bounds": [
                0.3575625196404534,
                0.6576096916244392,
                0.9479165758347349,
                0.9158525875610423,
                0.9232074657146936
            ],
            "upper_bounds": [
                0.45448157038506104,
                0.7118596611905945,
                1.0,
                1.0,
                1.0
            ],
            "granularity": 0.01
        }
    ],
    "sequence": {
        "class": "SobolSequence",
        "domain": {
            "lower_bounds": [
                0.0,
                0.0,
                0.0,
                0.0,
                0.0
            ],
            "upper_bounds": [
                1.0,
                1.0,
                1.0,
                1.0,
                1.0
            ],
            "granularity": 0.01
        },
        "axes_names": [
            "dim_0",
            "dim_1",
            "dim_2",
            "dim_3",
            "dim_4"
        ],
        "seed": 300,
        "offset": 20
    },
    "class": "SimpleSimulatorKnownBugs",
    "step": 20,
    "domain": {
        "lower_bounds": [
            0.0,
            0.0,
            0.0,
            0.0,
            0.0
        ],
        "upper_bounds": [
            1.0,
            1.0,
            1.0,
            1.0,
            1.0
        ],
        "granularity": 0.01
    },
    "n_long_walks": 20,
    "n_local_searches": 0,
    "n_bugs": 0,
    "id": "",
    "state": "PAUSED"
}