{
    "rrt": {
        "seq": {
            "class": "RandomSequence",
            "domain": {
                "lower_bounds": [
                    -0.32340625570146175,
                    -0.8260944395683791,
                    -0.007948202415118288,
                    -0.6281749215911565
                ],
                "upper_bounds": [
                    1.6765937442985384,
                    1.1739055604316209,
                    1.9920517975848817,
                    1.3718250784088435
                ],
                "granularity": 0.01
            },
            "axes_names": [
                "dim_0",
                "dim_1",
                "dim_2",
                "dim_3"
            ],
            "seed": 555,
            "offset": 20
        },
        "step_size": 0.01,
        "exploration_radius": 1.0,
        "root": [
            0.6765937442985382,
            0.17390556043162086,
            0.9920517975848817,
            0.3718250784088435
        ],
        "contents": [
            [
                0.6765937442985382,
                0.17390556043162086,
                0.9920517975848817,
                0.3718250784088435
            ],
            [
                0.6795022078687497,
                0.18003769271129466,
                0.9866287593590639,
                0.3767776989037587
            ],
            [
                0.6747787054976047,
                0.18400870833059102,
                0.979301485963121,
                0.3739087923381487
            ],
            [
                0.6673423937935926,
                0.18923594665134955,
                0.975159989773327,
                0.37343417977121895
            ],
            [
                0.6621439470379492,
                0.19610988209362787,
                0.9730662913416098,
                0.3780538756206397
            ],
            [
                0.6592696704883765,
                0.20451389195379838,
                0.9686823097224254,
                0.37667842742118357
            ]
        ]
    },
    "n_branches": 5,
    "n_branches_remaining": 0,
    "bug_profile": [
        {
            "lower_bounds": [
                0.0,
                0.0,
                0.0,
                0.0
            ],
            "upper_bounds": [
                1.0,
                1.0,
                1.0,
                1.0
            ],
            "granularity": 0.01
        }
    ],
    "sequence": {
        "class": "RandomSequence",
        "domain": {
            "lower_bounds": [
                0.0,
                0.0,
                0.0,
                0.0
            ],
            "upper_bounds": [
                1.0,
                1.0,
                1.0,
                1.0
            ],
            "granularity": 0.01
        },
        "axes_names": [
            "dim_0",
            "dim_1",
            "dim_2",
            "dim_3"
        ],
        "seed": 300,
        "offset": 4
    },
    "class": "SimpleSimulatorKnownBugsRRT",
    "step": 24,
    "domain": {
        "lower_bounds": [
            0.0,
            0.0,
            0.0,
            0.0
        ],
        "upper_bounds": [
            1.0,
            1.0,
            1.0,
            1.0
        ],
        "granularity": 0.01
    },
    "n_long_walks": 4,
    "n_local_searches": 20,
    "n_bugs": 0,
    "id": "",
    "state": "PAUSED"
}