{
    "bug_profile": [
        {
            "lower_bounds": [
                0.821573268382049,
                0.7510785367445607,
                0.3251074132474132,
                0.40417999693948814,
                0.4119475127283234,
                0.2447045902397037,
                0.10421904745278898,
                0.9247476241635944,
                0.6498006964073523,
                0.06404815328266167
            ],
            "upper_bounds": [
                0.8736879258165308,
                0.9209067033817799,
                0.3665661729887935,
                0.48787287661237205,
                0.4643490452426706,
                0.2822031384452137,
                0.16291650802429625,
                1.0,
                0.780452913888992,
                0.17814290128885094
            ],
            "granularity": 0.01
        }
    ],
    "sequence": {
        "class": "HaltonSequence",
        "domain": {
            "lower_bounds": [
                0.0,
                0.0,
                0.0,
                0.0,
                0.0,
                0.0,
                0.0,
                0.0,
                0.0,
                0.0
            ],
            "upper_bounds": [
                1.0,
                1.0,
                1.0,
                1.0,
                1.0,
                1.0,
                1.0,
                1.0,
                1.0,
                1.0
            ],
            "granularity": 0.01
        },
        "axes_names": [
            "dim_0",
            "dim_1",
            "dim_2",
            "dim_3",
            "dim_4",
            "dim_5",
            "dim_6",
            "dim_7",
            "dim_8",
            "dim_9"
        ],
        "seed": 300,
        "offset": 20
    },
    "class": "SimpleSimulatorKnownBugs",
    "step": 20,
    "domain": {
        "lower_bounds": [
            0.0,
            0.0,
            0.0,
            0.0,
            0.0,
            0.0,
            0.0,
            0.0,
            0.0,
            0.0
        ],
        "upper_bounds": [
            1.0,
            1.0,
            1.0,
            1.0,
            1.0,
            1.0,
            1.0,
            1.0,
            1.0,
            1.0
        ],
        "granularity": 0.01
    },
    "n_long_walks": 20,
    "n_local_searches": 0,
    "n_bugs": 0,
    "id": "",
    "state": "PAUSED"
}