{
    "bug_profile": [
        {
            "lower_bounds": [
                0.20512465883401665,
                0.4480082503061128,
                0.463911750030499,
                0.17343461902502566,
                0.7707266703322128,
                0.7776345371287672,
                0.0014153150346452037,
                0.28470064665563566,
                0.6975231361755737,
                0.2334272271778669
            ],
            "upper_bounds": [
                0.26445585903101326,
                0.6279000975287425,
                0.5347443650329092,
                0.17473862081877878,
                0.8868048038644696,
                0.8037387754665847,
                0.05065989250055506,
                0.37113549831107057,
                0.8067702911780424,
                0.26743677429820994
            ],
            "granularity": 0.01
        }
    ],
    "sequence": {
        "class": "RandomSequence",
        "domain": {
            "lower_bounds": [
                0.0,
                0.0,
                0.0,
                0.0,
                0.0,
                0.0,
                0.0,
                0.0,
                0.0,
                0.0
            ],
            "upper_bounds": [
                1.0,
                1.0,
                1.0,
                1.0,
                1.0,
                1.0,
                1.0,
                1.0,
                1.0,
                1.0
            ],
            "granularity": 0.01
        },
        "axes_names": [
            "dim_0",
            "dim_1",
            "dim_2",
            "dim_3",
            "dim_4",
            "dim_5",
            "dim_6",
            "dim_7",
            "dim_8",
            "dim_9"
        ],
        "seed": 300,
        "offset": 20
    },
    "class": "SimpleSimulatorKnownBugs",
    "step": 20,
    "domain": {
        "lower_bounds": [
            0.0,
            0.0,
            0.0,
            0.0,
            0.0,
            0.0,
            0.0,
            0.0,
            0.0,
            0.0
        ],
        "upper_bounds": [
            1.0,
            1.0,
            1.0,
            1.0,
            1.0,
            1.0,
            1.0,
            1.0,
            1.0,
            1.0
        ],
        "granularity": 0.01
    },
    "n_long_walks": 20,
    "n_local_searches": 0,
    "n_bugs": 0,
    "id": "",
    "state": "PAUSED"
}