{
    "bug_profile": [
        {
            "lower_bounds": [
                0.48205554822186125,
                0.6286708775784999,
                0.9175236510440868,
                0.5181573747006163,
                0.7295625462365917,
                0.8514841843182256,
                0.4293258567223788,
                0.7806365655102053,
                0.8284437333897747,
                0.6586154210511331
            ],
            "upper_bounds": [
                0.4894700506615187,
                0.6767685224683492,
                1.0,
                0.6085371567384359,
                0.7825546941473048,
                0.9488969494498461,
                0.5476871750608455,
                0.803506599104263,
                0.9386545063331673,
                0.7680128091668086
            ],
            "granularity": 0.01
        }
    ],
    "sequence": {
        "class": "LatticeSequence",
        "domain": {
            "lower_bounds": [
                0.0,
                0.0,
                0.0,
                0.0,
                0.0,
                0.0,
                0.0,
                0.0,
                0.0,
                0.0
            ],
            "upper_bounds": [
                1.0,
                1.0,
                1.0,
                1.0,
                1.0,
                1.0,
                1.0,
                1.0,
                1.0,
                1.0
            ],
            "granularity": 0.01
        },
        "axes_names": [
            "dim_0",
            "dim_1",
            "dim_2",
            "dim_3",
            "dim_4",
            "dim_5",
            "dim_6",
            "dim_7",
            "dim_8",
            "dim_9"
        ],
        "seed": 300,
        "offset": 20
    },
    "class": "SimpleSimulatorKnownBugs",
    "step": 20,
    "domain": {
        "lower_bounds": [
            0.0,
            0.0,
            0.0,
            0.0,
            0.0,
            0.0,
            0.0,
            0.0,
            0.0,
            0.0
        ],
        "upper_bounds": [
            1.0,
            1.0,
            1.0,
            1.0,
            1.0,
            1.0,
            1.0,
            1.0,
            1.0,
            1.0
        ],
        "granularity": 0.01
    },
    "n_long_walks": 20,
    "n_local_searches": 0,
    "n_bugs": 0,
    "id": "",
    "state": "PAUSED"
}