{
    "bug_profile": [
        {
            "lower_bounds": [
                0.7744548340464469,
                0.8374311609400895,
                0.4058530555828789,
                0.3454982997908884,
                0.09236918171026909,
                0.07792230730028149,
                0.663558021379571,
                0.6016162455194526,
                0.9846459493334302,
                0.6318924392019601,
                0.4081869406885601,
                0.14069813701906764,
                0.8425775653225129,
                0.0062794908405717775,
                0.432393567772137,
                0.5372458104258637,
                0.8406863432676038,
                0.3514293269578457,
                0.7313672882896394,
                0.935166104453646,
                0.42144938157838063,
                0.7368324521332337,
                0.18837661040849296,
                0.2282814293107761,
                0.02493466634091579,
                0.706265763928147,
                0.22939248871469775,
                0.4705248697588851,
                0.8405815187593572,
                0.25798343942531277,
                0.9056276085815743,
                0.21614473854889937,
                0.6433159701991358,
                0.3512112820891774,
                0.10655305240014756,
                0.28795505252155085,
                0.868968886954804,
                0.7845997698201281,
                0.7546346392081779,
                0.6439178953940565,
                0.367560596220995,
                0.1905419896335333,
                0.6727948946536436,
                0.10953068268477761,
                0.9454149997640698,
                0.6565782390840142,
                0.25153795313969907,
                0.23372881123550826,
                0.9143630505639018,
                0.09874186207835278
            ],
            "upper_bounds": [
                0.8419350403515132,
                0.8706006909576859,
                0.5393683654092245,
                0.40836620922901024,
                0.13999137420423557,
                0.1353949070588826,
                0.794418069463068,
                0.6862038615324939,
                1.0,
                0.7851179937103248,
                0.5891406372906387,
                0.22748355347790641,
                0.8627709593248778,
                0.09536023445438489,
                0.5914636853520976,
                0.5908707615443525,
                0.8728441519835323,
                0.4097876213445415,
                0.7779069073916496,
                0.9388363558710238,
                0.5248139877207467,
                0.7951368175830265,
                0.27446294108975644,
                0.3662149136815983,
                0.10460441174549513,
                0.7097941938031007,
                0.27662422770063966,
                0.5196884191299386,
                0.9718332591487443,
                0.279270221897412,
                1.0,
                0.32174591747184056,
                0.7384786894426203,
                0.46334950019825405,
                0.23944665258359768,
                0.37539299112309066,
                0.9415588350577976,
                0.8367698541177261,
                0.8580481923586222,
                0.670007579644751,
                0.40319883021479425,
                0.3014103492446659,
                0.750941701148449,
                0.17558544556389122,
                1.0,
                0.6922200691524918,
                0.3004610256474677,
                0.36952059911062163,
                0.93824666888966,
                0.2520993422627559
            ],
            "granularity": 0.01
        }
    ],
    "sequence": {
        "class": "HaltonSequence",
        "domain": {
            "lower_bounds": [
                0.0,
                0.0,
                0.0,
                0.0,
                0.0,
                0.0,
                0.0,
                0.0,
                0.0,
                0.0,
                0.0,
                0.0,
                0.0,
                0.0,
                0.0,
                0.0,
                0.0,
                0.0,
                0.0,
                0.0,
                0.0,
                0.0,
                0.0,
                0.0,
                0.0,
                0.0,
                0.0,
                0.0,
                0.0,
                0.0,
                0.0,
                0.0,
                0.0,
                0.0,
                0.0,
                0.0,
                0.0,
                0.0,
                0.0,
                0.0,
                0.0,
                0.0,
                0.0,
                0.0,
                0.0,
                0.0,
                0.0,
                0.0,
                0.0,
                0.0
            ],
            "upper_bounds": [
                1.0,
                1.0,
                1.0,
                1.0,
                1.0,
                1.0,
                1.0,
                1.0,
                1.0,
                1.0,
                1.0,
                1.0,
                1.0,
                1.0,
                1.0,
                1.0,
                1.0,
                1.0,
                1.0,
                1.0,
                1.0,
                1.0,
                1.0,
                1.0,
                1.0,
                1.0,
                1.0,
                1.0,
                1.0,
                1.0,
                1.0,
                1.0,
                1.0,
                1.0,
                1.0,
                1.0,
                1.0,
                1.0,
                1.0,
                1.0,
                1.0,
                1.0,
                1.0,
                1.0,
                1.0,
                1.0,
                1.0,
                1.0,
                1.0,
                1.0
            ],
            "granularity": 0.01
        },
        "axes_names": [
            "dim_0",
            "dim_1",
            "dim_2",
            "dim_3",
            "dim_4",
            "dim_5",
            "dim_6",
            "dim_7",
            "dim_8",
            "dim_9",
            "dim_10",
            "dim_11",
            "dim_12",
            "dim_13",
            "dim_14",
            "dim_15",
            "dim_16",
            "dim_17",
            "dim_18",
            "dim_19",
            "dim_20",
            "dim_21",
            "dim_22",
            "dim_23",
            "dim_24",
            "dim_25",
            "dim_26",
            "dim_27",
            "dim_28",
            "dim_29",
            "dim_30",
            "dim_31",
            "dim_32",
            "dim_33",
            "dim_34",
            "dim_35",
            "dim_36",
            "dim_37",
            "dim_38",
            "dim_39",
            "dim_40",
            "dim_41",
            "dim_42",
            "dim_43",
            "dim_44",
            "dim_45",
            "dim_46",
            "dim_47",
            "dim_48",
            "dim_49"
        ],
        "seed": 300,
        "offset": 20
    },
    "class": "SimpleSimulatorKnownBugs",
    "step": 20,