{
    "bug_profile": [
        {
            "lower_bounds": [
                0.4098819156206599,
                0.8896697448854636,
                0.42215953073483037,
                0.3536539937291896,
                0.25856006597083947,
                0.4131839980844556,
                0.49813459604035826,
                0.8503861735797562,
                0.11967964180346125,
                0.1598580739727008
            ],
            "upper_bounds": [
                0.4685008469360612,
                1.0,
                0.46169573726062396,
                0.4200706388928831,
                0.287341977749756,
                0.47398550890397095,
                0.5559372256757753,
                0.9504464274308733,
                0.2548600945889682,
                0.17738356365206723
            ],
            "granularity": 0.01
        }
    ],
    "sequence": {
        "class": "LatticeSequence",
        "domain": {
            "lower_bounds": [
                0.0,
                0.0,
                0.0,
                0.0,
                0.0,
                0.0,
                0.0,
                0.0,
                0.0,
                0.0
            ],
            "upper_bounds": [
                1.0,
                1.0,
                1.0,
                1.0,
                1.0,
                1.0,
                1.0,
                1.0,
                1.0,
                1.0
            ],
            "granularity": 0.01
        },
        "axes_names": [
            "dim_0",
            "dim_1",
            "dim_2",
            "dim_3",
            "dim_4",
            "dim_5",
            "dim_6",
            "dim_7",
            "dim_8",
            "dim_9"
        ],
        "seed": 300,
        "offset": 20
    },
    "class": "SimpleSimulatorKnownBugs",
    "step": 20,
    "domain": {
        "lower_bounds": [
            0.0,
            0.0,
            0.0,
            0.0,
            0.0,
            0.0,
            0.0,
            0.0,
            0.0,
            0.0
        ],
        "upper_bounds": [
            1.0,
            1.0,
            1.0,
            1.0,
            1.0,
            1.0,
            1.0,
            1.0,
            1.0,
            1.0
        ],
        "granularity": 0.01
    },
    "n_long_walks": 20,
    "n_local_searches": 0,
    "n_bugs": 0,
    "id": "",
    "state": "PAUSED"
}