{
    "bug_profile": [
        {
            "lower_bounds": [
                0.9350089326259325,
                0.6867560944931383,
                0.568835298308109,
                0.5049658068888012,
                0.03676081106154039,
                0.28942802675098567,
                0.027664256065061177,
                0.7709771584513073,
                0.7702228591402275,
                0.7204574562928172
            ],
            "upper_bounds": [
                1.0,
                0.6929671406135959,
                0.622580678839835,
                0.5727641206724572,
                0.15359861587131493,
                0.4041903075357113,
                0.03660628003187074,
                0.8289128960262709,
                0.8469973606460866,
                0.8056548294127522
            ],
            "granularity": 0.01
        }
    ],
    "sequence": {
        "class": "SobolSequence",
        "domain": {
            "lower_bounds": [
                0.0,
                0.0,
                0.0,
                0.0,
                0.0,
                0.0,
                0.0,
                0.0,
                0.0,
                0.0
            ],
            "upper_bounds": [
                1.0,
                1.0,
                1.0,
                1.0,
                1.0,
                1.0,
                1.0,
                1.0,
                1.0,
                1.0
            ],
            "granularity": 0.01
        },
        "axes_names": [
            "dim_0",
            "dim_1",
            "dim_2",
            "dim_3",
            "dim_4",
            "dim_5",
            "dim_6",
            "dim_7",
            "dim_8",
            "dim_9"
        ],
        "seed": 300,
        "offset": 20
    },
    "class": "SimpleSimulatorKnownBugs",
    "step": 20,
    "domain": {
        "lower_bounds": [
            0.0,
            0.0,
            0.0,
            0.0,
            0.0,
            0.0,
            0.0,
            0.0,
            0.0,
            0.0
        ],
        "upper_bounds": [
            1.0,
            1.0,
            1.0,
            1.0,
            1.0,
            1.0,
            1.0,
            1.0,
            1.0,
            1.0
        ],
        "granularity": 0.01
    },
    "n_long_walks": 20,
    "n_local_searches": 0,
    "n_bugs": 0,
    "id": "",
    "state": "PAUSED"
}