{
    "bug_profile": [
        {
            "lower_bounds": [
                0.6003001402440296,
                0.6596727268497424,
                0.11343719650891182,
                0.15963641667596173,
                0.041864749335423834,
                0.38896996345745083,
                0.31524007446445135,
                0.9321235939591861,
                0.5066942986972995,
                0.4240009514869907
            ],
            "upper_bounds": [
                0.6689425884010712,
                0.8159019615278038,
                0.2534296232549398,
                0.21048270072419958,
                0.13367094505366478,
                0.39653568660431515,
                0.4128162243911794,
                1.0,
                0.5579175206990857,
                0.4918601363676667
            ],
            "granularity": 0.01
        }
    ],
    "sequence": {
        "class": "HaltonSequence",
        "domain": {
            "lower_bounds": [
                0.0,
                0.0,
                0.0,
                0.0,
                0.0,
                0.0,
                0.0,
                0.0,
                0.0,
                0.0
            ],
            "upper_bounds": [
                1.0,
                1.0,
                1.0,
                1.0,
                1.0,
                1.0,
                1.0,
                1.0,
                1.0,
                1.0
            ],
            "granularity": 0.01
        },
        "axes_names": [
            "dim_0",
            "dim_1",
            "dim_2",
            "dim_3",
            "dim_4",
            "dim_5",
            "dim_6",
            "dim_7",
            "dim_8",
            "dim_9"
        ],
        "seed": 300,
        "offset": 20
    },
    "class": "SimpleSimulatorKnownBugs",
    "step": 20,
    "domain": {
        "lower_bounds": [
            0.0,
            0.0,
            0.0,
            0.0,
            0.0,
            0.0,
            0.0,
            0.0,
            0.0,
            0.0
        ],
        "upper_bounds": [
            1.0,
            1.0,
            1.0,
            1.0,
            1.0,
            1.0,
            1.0,
            1.0,
            1.0,
            1.0
        ],
        "granularity": 0.01
    },
    "n_long_walks": 20,
    "n_local_searches": 0,
    "n_bugs": 0,
    "id": "",
    "state": "PAUSED"
}