{
    "bug_profile": [
        {
            "lower_bounds": [
                0.5387082880338807,
                0.9288107496061838,
                0.2380001509162888,
                0.3106567734367973,
                0.05829325780521821,
                0.5016965656856076,
                0.2237132684340729,
                0.02391564537407309,
                0.26390969285685373,
                0.8378951420460183,
                0.05449693037907455,
                0.08191767328305088,
                0.09522076217099706,
                0.1359019183340766,
                0.497639073555857,
                0.47623979602292177,
                0.7558977416433847,
                0.9956805532193646,
                0.4901392723464417,
                0.5146649204519947,
                0.7997010500913803,
                0.1615415856625172,
                0.983982498444992,
                0.3288417379135262,
                0.4148397772680733,
                0.40468807560806963,
                0.3201239096927855,
                0.46246278537156216,
                0.6757936562497736,
                0.3490414073508037,
                0.3873441972931383,
                0.08136071112121879,
                0.7000185645088481,
                0.9403330483273864,
                0.718657344774933,
                0.8309348484783612,
                0.21615493618738413,
                0.010695083960102214,
                0.9305114030579363,
                0.5699098277380457,
                0.7122566285443447,
                0.2988565616459058,
                0.09838092847491009,
                0.5539225134068002,
                0.25351446644216735,
                0.865586810789028,
                0.8650063611659076,
                0.3618561638926603,
                0.699601656765945,
                0.17761812993035497
            ],
            "upper_bounds": [
                0.6883640178275702,
                1.0,
                0.30925580531502483,
                0.34242148755998536,
                0.08445246040338014,
                0.5274976418370458,
                0.3694979700243238,
                0.12393847949334248,
                0.29051883736080175,
                0.9378960553876587,
                0.08717771572844404,
                0.15769953303127257,
                0.1823752692957945,
                0.26619790553050626,
                0.4981910775599902,
                0.5994651564679618,
                0.9090624901898667,
                1.0,
                0.5012701032024031,
                0.691059594243763,
                0.9068617261132164,
                0.32468636460559863,
                1.0,
                0.49257214425498275,
                0.5404760718532755,
                0.46518026014245156,
                0.3502902781506681,
                0.6018644867573678,
                0.8415275857071086,
                0.5311742562155597,
                0.3907533703657329,
                0.09323052186064855,
                0.7030537952520259,
                1.0,
                0.7339776766295243,
                0.8728741151519541,
                0.362163447254287,
                0.04489407303101284,
                0.9391326404478121,
                0.5834178329519992,
                0.7524331202462298,
                0.42819923576712615,
                0.15925247758515373,
                0.6274312184725072,
                0.3457397256057845,
                0.8803466028004842,
                0.9849019541729046,
                0.42320632244261686,
                0.7570058254814408,
                0.34203300031366435
            ],
            "granularity": 0.01
        }
    ],
    "sequence": {
        "class": "SobolSequence",
        "domain": {
            "lower_bounds": [
                0.0,
                0.0,
                0.0,
                0.0,
                0.0,
                0.0,
                0.0,
                0.0,
                0.0,
                0.0,
                0.0,
                0.0,
                0.0,
                0.0,
                0.0,
                0.0,
                0.0,
                0.0,
                0.0,
                0.0,
                0.0,
                0.0,
                0.0,
                0.0,
                0.0,
                0.0,
                0.0,
                0.0,
                0.0,
                0.0,
                0.0,
                0.0,
                0.0,
                0.0,
                0.0,
                0.0,
                0.0,
                0.0,
                0.0,
                0.0,
                0.0,
                0.0,
                0.0,
                0.0,
                0.0,
                0.0,
                0.0,
                0.0,
                0.0,
                0.0
            ],
            "upper_bounds": [
                1.0,
                1.0,
                1.0,
                1.0,
                1.0,
                1.0,
                1.0,
                1.0,
                1.0,
                1.0,
                1.0,
                1.0,
                1.0,
                1.0,
                1.0,
                1.0,
                1.0,
                1.0,
                1.0,
                1.0,
                1.0,
                1.0,
                1.0,
                1.0,
                1.0,
                1.0,
                1.0,
                1.0,
                1.0,
                1.0,
                1.0,
                1.0,
                1.0,
                1.0,
                1.0,
                1.0,
                1.0,
                1.0,
                1.0,
                1.0,
                1.0,
                1.0,
                1.0,
                1.0,
                1.0,
                1.0,
                1.0,
                1.0,
                1.0,
                1.0
            ],
            "granularity": 0.01
        },
        "axes_names": [
            "dim_0",
            "dim_1",
            "dim_2",
            "dim_3",
            "dim_4",
            "dim_5",
            "dim_6",
            "dim_7",
            "dim_8",
            "dim_9",
            "dim_10",
            "dim_11",
            "dim_12",
            "dim_13",
            "dim_14",
            "dim_15",
            "dim_16",
            "dim_17",
            "dim_18",
            "dim_19",
            "dim_20",
            "dim_21",
            "dim_22",
            "dim_23",
            "dim_24",
            "dim_25",
            "dim_26",
            "dim_27",
            "dim_28",
            "dim_29",
            "dim_30",
            "dim_31",
            "dim_32",
            "dim_33",
            "dim_34",
            "dim_35",
            "dim_36",
            "dim_37",
            "dim_38",
            "dim_39",
            "dim_40",
            "dim_41",
            "dim_42",
            "dim_43",
            "dim_44",
            "dim_45",
            "dim_46",
            "dim_47",
            "dim_48",
            "dim_49"
        ],
        "seed": 300,
        "offset": 20
    },
    "class": "SimpleSimulatorKnownBugs",
    "step": 20,