{
    "bug_profile": [
        {
            "lower_bounds": [
                0.267819406465714,
                0.24404804932324875,
                0.9442921667384832,
                0.8696305846110179,
                0.35969566877721104,
                0.36101273310205095,
                0.8060139313382026,
                0.2133059115771503,
                0.3328584164594105,
                0.4777691161209887
            ],
            "upper_bounds": [
                0.33168204450797495,
                0.31238897339768606,
                1.0,
                0.9055296947779,
                0.5052316192712225,
                0.4625052312479349,
                0.8717408796887752,
                0.3007159189380467,
                0.3991806036027592,
                0.5926328223588107
            ],
            "granularity": 0.01
        }
    ],
    "sequence": {
        "class": "LatticeSequence",
        "domain": {
            "lower_bounds": [
                0.0,
                0.0,
                0.0,
                0.0,
                0.0,
                0.0,
                0.0,
                0.0,
                0.0,
                0.0
            ],
            "upper_bounds": [
                1.0,
                1.0,
                1.0,
                1.0,
                1.0,
                1.0,
                1.0,
                1.0,
                1.0,
                1.0
            ],
            "granularity": 0.01
        },
        "axes_names": [
            "dim_0",
            "dim_1",
            "dim_2",
            "dim_3",
            "dim_4",
            "dim_5",
            "dim_6",
            "dim_7",
            "dim_8",
            "dim_9"
        ],
        "seed": 300,
        "offset": 20
    },
    "class": "SimpleSimulatorKnownBugs",
    "step": 20,
    "domain": {
        "lower_bounds": [
            0.0,
            0.0,
            0.0,
            0.0,
            0.0,
            0.0,
            0.0,
            0.0,
            0.0,
            0.0
        ],
        "upper_bounds": [
            1.0,
            1.0,
            1.0,
            1.0,
            1.0,
            1.0,
            1.0,
            1.0,
            1.0,
            1.0
        ],
        "granularity": 0.01
    },
    "n_long_walks": 20,
    "n_local_searches": 0,
    "n_bugs": 0,
    "id": "",
    "state": "PAUSED"
}