{
    "bug_profile": [
        {
            "lower_bounds": [
                0.00672025645434049,
                0.8052640589805998,
                0.7724059954126286,
                0.39515036690683647,
                0.6374115926884243,
                0.21083359223625864,
                0.33654963669480153,
                0.969449256794415,
                0.7254782750154118,
                0.5965090614797011,
                0.981640783227443,
                0.7996917339381856,
                0.35402461125836227,
                0.635303551322966,
                0.8259154282017118,
                0.9591180068798589,
                0.4066921719620865,
                0.8488604500261305,
                0.008464410447251214,
                0.9778063523800434,
                0.5259369818937537,
                0.4165957533988244,
                0.9825677680496557,
                0.08774104770008329,
                0.9223861256162178,
                0.7438052983956785,
                0.6527274485955036,
                0.03743763984065496,
                0.524809210130773,
                0.7376091360525532,
                0.3754437390086999,
                0.6074461950052105,
                0.9583649205234791,
                0.5900079460407442,
                0.7848230757733676,
                0.5980642328336647,
                0.3723925516602823,
                0.6880364021653145,
                0.6884070795493897,
                0.5792986586806403,
                0.6013610994341594,
                0.2129807244279338,
                0.6777433503234322,
                0.8687232995909542,
                0.16803004465654836,
                0.154748851716062,
                0.0631324346572727,
                0.8903745885818277,
                0.65261721940683,
                0.7558221484919498
            ],
            "upper_bounds": [
                0.017040112560428866,
                0.8135396993144814,
                0.8896117045765165,
                0.4886155051881533,
                0.7117606716892939,
                0.3203580148474414,
                0.4961958299334104,
                1.0,
                0.7788061906585028,
                0.6420194856780146,
                1.0,
                0.801721167098732,
                0.4460952889105232,
                0.7456581661170819,
                0.938033784735543,
                0.9809900273137129,
                0.589413024616243,
                1.0,
                0.1001310228566994,
                1.0,
                0.6299732095676532,
                0.45307136436128115,
                0.9939740207399775,
                0.20194400108091864,
                1.0,
                0.8251330785966066,
                0.7741472970377052,
                0.13246650479272287,
                0.596290037586535,
                0.8220462040360915,
                0.48058795437521934,
                0.7886559368159334,
                0.9587797343950911,
                0.7411344423556941,
                0.8752933182717102,
                0.640778045670284,
                0.4089105650759318,
                0.6967634670834753,
                0.8373491751719063,
                0.6088448983962047,
                0.6542413252332404,
                0.3087230241552872,
                0.7499201672273157,
                0.9763185574680083,
                0.26935734277376455,
                0.3229347053844791,
                0.10203760128702469,
                0.951222488194191,
                0.6829203636532941,
                0.8237503728020042
            ],
            "granularity": 0.01
        }
    ],
    "sequence": {
        "class": "SobolSequence",
        "domain": {
            "lower_bounds": [
                0.0,
                0.0,
                0.0,
                0.0,
                0.0,
                0.0,
                0.0,
                0.0,
                0.0,
                0.0,
                0.0,
                0.0,
                0.0,
                0.0,
                0.0,
                0.0,
                0.0,
                0.0,
                0.0,
                0.0,
                0.0,
                0.0,
                0.0,
                0.0,
                0.0,
                0.0,
                0.0,
                0.0,
                0.0,
                0.0,
                0.0,
                0.0,
                0.0,
                0.0,
                0.0,
                0.0,
                0.0,
                0.0,
                0.0,
                0.0,
                0.0,
                0.0,
                0.0,
                0.0,
                0.0,
                0.0,
                0.0,
                0.0,
                0.0,
                0.0
            ],
            "upper_bounds": [
                1.0,
                1.0,
                1.0,
                1.0,
                1.0,
                1.0,
                1.0,
                1.0,
                1.0,
                1.0,
                1.0,
                1.0,
                1.0,
                1.0,
                1.0,
                1.0,
                1.0,
                1.0,
                1.0,
                1.0,
                1.0,
                1.0,
                1.0,
                1.0,
                1.0,
                1.0,
                1.0,
                1.0,
                1.0,
                1.0,
                1.0,
                1.0,
                1.0,
                1.0,
                1.0,
                1.0,
                1.0,
                1.0,
                1.0,
                1.0,
                1.0,
                1.0,
                1.0,
                1.0,
                1.0,
                1.0,
                1.0,
                1.0,
                1.0,
                1.0
            ],
            "granularity": 0.01
        },
        "axes_names": [
            "dim_0",
            "dim_1",
            "dim_2",
            "dim_3",
            "dim_4",
            "dim_5",
            "dim_6",
            "dim_7",
            "dim_8",
            "dim_9",
            "dim_10",
            "dim_11",
            "dim_12",
            "dim_13",
            "dim_14",
            "dim_15",
            "dim_16",
            "dim_17",
            "dim_18",
            "dim_19",
            "dim_20",
            "dim_21",
            "dim_22",
            "dim_23",
            "dim_24",
            "dim_25",
            "dim_26",
            "dim_27",
            "dim_28",
            "dim_29",
            "dim_30",
            "dim_31",
            "dim_32",
            "dim_33",
            "dim_34",
            "dim_35",
            "dim_36",
            "dim_37",
            "dim_38",
            "dim_39",
            "dim_40",
            "dim_41",
            "dim_42",
            "dim_43",
            "dim_44",
            "dim_45",
            "dim_46",
            "dim_47",
            "dim_48",
            "dim_49"
        ],
        "seed": 300,
        "offset": 20
    },
    "class": "SimpleSimulatorKnownBugs",
    "step": 20,