{
    "bug_profile": [
        {
            "lower_bounds": [
                0.6056750757845167,
                0.5789618599133669,
                0.6866313967922656,
                0.8184257259954828,
                0.27227782647882115,
                0.2349750505010748,
                0.48748637246433335,
                0.6578787438075803,
                0.9246573837562734,
                0.310390819094884
            ],
            "upper_bounds": [
                0.6116383605687806,
                0.5895947748193562,
                0.7397372122425405,
                0.880427783061705,
                0.3933431390110014,
                0.3400859011027447,
                0.5356849567212303,
                0.6988206352287217,
                1.0,
                0.400554748052562
            ],
            "granularity": 0.01
        }
    ],
    "sequence": {
        "class": "HaltonSequence",
        "domain": {
            "lower_bounds": [
                0.0,
                0.0,
                0.0,
                0.0,
                0.0,
                0.0,
                0.0,
                0.0,
                0.0,
                0.0
            ],
            "upper_bounds": [
                1.0,
                1.0,
                1.0,
                1.0,
                1.0,
                1.0,
                1.0,
                1.0,
                1.0,
                1.0
            ],
            "granularity": 0.01
        },
        "axes_names": [
            "dim_0",
            "dim_1",
            "dim_2",
            "dim_3",
            "dim_4",
            "dim_5",
            "dim_6",
            "dim_7",
            "dim_8",
            "dim_9"
        ],
        "seed": 300,
        "offset": 20
    },
    "class": "SimpleSimulatorKnownBugs",
    "step": 20,
    "domain": {
        "lower_bounds": [
            0.0,
            0.0,
            0.0,
            0.0,
            0.0,
            0.0,
            0.0,
            0.0,
            0.0,
            0.0
        ],
        "upper_bounds": [
            1.0,
            1.0,
            1.0,
            1.0,
            1.0,
            1.0,
            1.0,
            1.0,
            1.0,
            1.0
        ],
        "granularity": 0.01
    },
    "n_long_walks": 20,
    "n_local_searches": 0,
    "n_bugs": 0,
    "id": "",
    "state": "PAUSED"
}