{
    "bug_profile": [
        {
            "lower_bounds": [
                0.8862488294409036,
                0.2915548359461648,
                0.5906827661519373,
                0.22648259866105258,
                0.3903385115060508,
                0.06887619009386636,
                0.3923647220125722,
                0.1043652128426602,
                0.4601561111131446,
                0.0015905945361093243,
                0.6072338450957475,
                0.16353628364526251,
                0.7158010141780963,
                0.24436792955688946,
                0.710668357659922,
                0.9776496575731783,
                0.6839478631129822,
                0.9729835918675745,
                0.9452808705404354,
                0.6348662013262079,
                0.3673740818971405,
                0.6065206578011249,
                0.5056572494812414,
                0.7049706247163734,
                0.9907220803780887,
                0.8134962004683276,
                0.3103162806173515,
                0.626362458690649,
                0.28583663105871104,
                0.9714451365097345,
                0.7794303970597346,
                0.4287911861904581,
                0.05667420378325627,
                0.5935398332516237,
                0.8722984217084271,
                0.9212636978369007,
                0.49214466606425866,
                0.28472925186717224,
                0.045676487374283536,
                0.14850519358929049,
                0.48559197286897304,
                0.8606658486768356,
                0.32082871347421693,
                0.34403477352778566,
                0.8295317019365622,
                0.13630948252757968,
                0.9583965436057755,
                0.1326281792312317,
                0.9626240954826586,
                0.2657656503172724
            ],
            "upper_bounds": [
                0.9037474550930643,
                0.40885974718983786,
                0.6062956182148517,
                0.3562264679390591,
                0.49569331675885453,
                0.13459565006640156,
                0.44345614010041506,
                0.2331356727254467,
                0.5282176686577862,
                0.08826155446666906,
                0.6213117769083794,
                0.29074115476452894,
                0.8451494227832219,
                0.3372917572450663,
                0.8553181682355764,
                1.0,
                0.7431790899637442,
                1.0,
                1.0,
                0.7884678586886879,
                0.47905560177301354,
                0.6168426255177629,
                0.6481449993451327,
                0.8716605585176077,
                1.0,
                0.8203434641782456,
                0.32981899121462077,
                0.641352374651185,
                0.43120350795069123,
                1.0,
                0.9091267234150223,
                0.5834111183167618,
                0.15657985468801833,
                0.7035010875477878,
                1.0,
                0.9736330790353896,
                0.5659279803790197,
                0.31126372843650235,
                0.15548425262511462,
                0.19639178620974604,
                0.48603445799066236,
                0.9436215558120425,
                0.5001109694598114,
                0.34701440156652547,
                0.8868392422222898,
                0.24836414426400616,
                0.9596558057043366,
                0.16170411004589125,
                0.9701153026192127,
                0.3626372875438763
            ],
            "granularity": 0.01
        }
    ],
    "sequence": {
        "class": "HaltonSequence",
        "domain": {
            "lower_bounds": [
                0.0,
                0.0,
                0.0,
                0.0,
                0.0,
                0.0,
                0.0,
                0.0,
                0.0,
                0.0,
                0.0,
                0.0,
                0.0,
                0.0,
                0.0,
                0.0,
                0.0,
                0.0,
                0.0,
                0.0,
                0.0,
                0.0,
                0.0,
                0.0,
                0.0,
                0.0,
                0.0,
                0.0,
                0.0,
                0.0,
                0.0,
                0.0,
                0.0,
                0.0,
                0.0,
                0.0,
                0.0,
                0.0,
                0.0,
                0.0,
                0.0,
                0.0,
                0.0,
                0.0,
                0.0,
                0.0,
                0.0,
                0.0,
                0.0,
                0.0
            ],
            "upper_bounds": [
                1.0,
                1.0,
                1.0,
                1.0,
                1.0,
                1.0,
                1.0,
                1.0,
                1.0,
                1.0,
                1.0,
                1.0,
                1.0,
                1.0,
                1.0,
                1.0,
                1.0,
                1.0,
                1.0,
                1.0,
                1.0,
                1.0,
                1.0,
                1.0,
                1.0,
                1.0,
                1.0,
                1.0,
                1.0,
                1.0,
                1.0,
                1.0,
                1.0,
                1.0,
                1.0,
                1.0,
                1.0,
                1.0,
                1.0,
                1.0,
                1.0,
                1.0,
                1.0,
                1.0,
                1.0,
                1.0,
                1.0,
                1.0,
                1.0,
                1.0
            ],
            "granularity": 0.01
        },
        "axes_names": [
            "dim_0",
            "dim_1",
            "dim_2",
            "dim_3",
            "dim_4",
            "dim_5",
            "dim_6",
            "dim_7",
            "dim_8",
            "dim_9",
            "dim_10",
            "dim_11",
            "dim_12",
            "dim_13",
            "dim_14",
            "dim_15",
            "dim_16",
            "dim_17",
            "dim_18",
            "dim_19",
            "dim_20",
            "dim_21",
            "dim_22",
            "dim_23",
            "dim_24",
            "dim_25",
            "dim_26",
            "dim_27",
            "dim_28",
            "dim_29",
            "dim_30",
            "dim_31",
            "dim_32",
            "dim_33",
            "dim_34",
            "dim_35",
            "dim_36",
            "dim_37",
            "dim_38",
            "dim_39",
            "dim_40",
            "dim_41",
            "dim_42",
            "dim_43",
            "dim_44",
            "dim_45",
            "dim_46",
            "dim_47",
            "dim_48",
            "dim_49"
        ],
        "seed": 300,
        "offset": 20
    },
    "class": "SimpleSimulatorKnownBugs",
    "step": 20,