{
    "rrt": {
        "seq": {
            "class": "RandomSequence",
            "domain": {
                "lower_bounds": [
                    -0.7623955656029373,
                    -0.5399762088150664,
                    -0.07849952839175744,
                    -0.12745671594517238
                ],
                "upper_bounds": [
                    1.2376044343970627,
                    1.4600237911849336,
                    1.9215004716082427,
                    1.8725432840548275
                ],
                "granularity": 0.01
            },
            "axes_names": [
                "dim_0",
                "dim_1",
                "dim_2",
                "dim_3"
            ],
            "seed": 555,
            "offset": 20
        },
        "step_size": 0.01,
        "exploration_radius": 1.0,
        "root": [
            0.2376044343970627,
            0.46002379118493364,
            0.9215004716082426,
            0.8725432840548276
        ],
        "contents": [
            [
                0.2376044343970627,
                0.46002379118493364,
                0.9215004716082426,
                0.8725432840548276
            ],
            [
                0.245812750210378,
                0.45589518176769966,
                0.9223212245763541,
                0.8686826493461118
            ],
            [
                0.23681318691895362,
                0.4619061415711808,
                0.9118859192225952,
                0.8707017990900713
            ],
            [
                0.25242876875684817,
                0.4520128355251041,
                0.9225109037176831,
                0.8622701842921164
            ],
            [
                0.2623626177926963,
                0.4508704322208019,
                0.9224578625549534,
                0.8623738407359786
            ],
            [
                0.24008355781380422,
                0.46387563594965364,
                0.9026859587502617,
                0.8715886437274113
            ]
        ]
    },
    "n_branches": 5,
    "n_branches_remaining": 0,
    "bug_profile": [
        {
            "lower_bounds": [
                0.0,
                0.0,
                0.0,
                0.0
            ],
            "upper_bounds": [
                1.0,
                1.0,
                1.0,
                1.0
            ],
            "granularity": 0.01
        }
    ],
    "sequence": {
        "class": "RandomSequence",
        "domain": {
            "lower_bounds": [
                0.0,
                0.0,
                0.0,
                0.0
            ],
            "upper_bounds": [
                1.0,
                1.0,
                1.0,
                1.0
            ],
            "granularity": 0.01
        },
        "axes_names": [
            "dim_0",
            "dim_1",
            "dim_2",
            "dim_3"
        ],
        "seed": 300,
        "offset": 4
    },
    "class": "SimpleSimulatorKnownBugsRRT",
    "step": 24,
    "domain": {
        "lower_bounds": [
            0.0,
            0.0,
            0.0,
            0.0
        ],
        "upper_bounds": [
            1.0,
            1.0,
            1.0,
            1.0
        ],
        "granularity": 0.01
    },
    "n_long_walks": 4,
    "n_local_searches": 20,
    "n_bugs": 0,
    "id": "",
    "state": "PAUSED"
}