{
    "bug_profile": [
        {
            "lower_bounds": [
                0.5919961005988668,
                0.10251666038885421,
                0.962828935469934,
                0.4128132218310756,
                0.9518715186738833,
                0.42452074318836186,
                0.4092120056598082,
                0.012498405281338165,
                0.47831017276583176,
                0.8312611091740377
            ],
            "upper_bounds": [
                0.6701485455093017,
                0.14891931901580077,
                0.9930048910145849,
                0.42986331884544765,
                1.0,
                0.43674263486572207,
                0.5317428266441884,
                0.02845200648294961,
                0.605857777572072,
                0.9126952288871363
            ],
            "granularity": 0.01
        }
    ],
    "sequence": {
        "class": "SobolSequence",
        "domain": {
            "lower_bounds": [
                0.0,
                0.0,
                0.0,
                0.0,
                0.0,
                0.0,
                0.0,
                0.0,
                0.0,
                0.0
            ],
            "upper_bounds": [
                1.0,
                1.0,
                1.0,
                1.0,
                1.0,
                1.0,
                1.0,
                1.0,
                1.0,
                1.0
            ],
            "granularity": 0.01
        },
        "axes_names": [
            "dim_0",
            "dim_1",
            "dim_2",
            "dim_3",
            "dim_4",
            "dim_5",
            "dim_6",
            "dim_7",
            "dim_8",
            "dim_9"
        ],
        "seed": 300,
        "offset": 20
    },
    "class": "SimpleSimulatorKnownBugs",
    "step": 20,
    "domain": {
        "lower_bounds": [
            0.0,
            0.0,
            0.0,
            0.0,
            0.0,
            0.0,
            0.0,
            0.0,
            0.0,
            0.0
        ],
        "upper_bounds": [
            1.0,
            1.0,
            1.0,
            1.0,
            1.0,
            1.0,
            1.0,
            1.0,
            1.0,
            1.0
        ],
        "granularity": 0.01
    },
    "n_long_walks": 20,
    "n_local_searches": 0,
    "n_bugs": 0,
    "id": "",
    "state": "PAUSED"
}