{
    "bug_profile": [
        {
            "lower_bounds": [
                0.5475584916899254,
                0.380310405763706,
                0.7900808966523276,
                0.10100577573278058,
                0.518451745168874,
                0.6927367036156418,
                0.13735067987170502,
                0.611549121150228,
                0.9808867695637026,
                0.00924876849784817
            ],
            "upper_bounds": [
                0.6916664438625015,
                0.4460890967325252,
                0.8464748818344465,
                0.11118127214922682,
                0.5734218180511172,
                0.7545590018525856,
                0.2850698336652178,
                0.6479900942674559,
                1.0,
                0.04218008482264831
            ],
            "granularity": 0.01
        }
    ],
    "sequence": {
        "class": "HaltonSequence",
        "domain": {
            "lower_bounds": [
                0.0,
                0.0,
                0.0,
                0.0,
                0.0,
                0.0,
                0.0,
                0.0,
                0.0,
                0.0
            ],
            "upper_bounds": [
                1.0,
                1.0,
                1.0,
                1.0,
                1.0,
                1.0,
                1.0,
                1.0,
                1.0,
                1.0
            ],
            "granularity": 0.01
        },
        "axes_names": [
            "dim_0",
            "dim_1",
            "dim_2",
            "dim_3",
            "dim_4",
            "dim_5",
            "dim_6",
            "dim_7",
            "dim_8",
            "dim_9"
        ],
        "seed": 300,
        "offset": 20
    },
    "class": "SimpleSimulatorKnownBugs",
    "step": 20,
    "domain": {
        "lower_bounds": [
            0.0,
            0.0,
            0.0,
            0.0,
            0.0,
            0.0,
            0.0,
            0.0,
            0.0,
            0.0
        ],
        "upper_bounds": [
            1.0,
            1.0,
            1.0,
            1.0,
            1.0,
            1.0,
            1.0,
            1.0,
            1.0,
            1.0
        ],
        "granularity": 0.01
    },
    "n_long_walks": 20,
    "n_local_searches": 0,
    "n_bugs": 0,
    "id": "",
    "state": "PAUSED"
}