{
    "bug_profile": [
        {
            "lower_bounds": [
                0.36703793508598104,
                0.028807691099043575,
                0.3550914369059476,
                0.1687358651940324,
                0.020728401580647038,
                0.5797116503108024,
                0.8274282662489383,
                0.990995920975991,
                0.0016508141675012356,
                0.12057159646142845
            ],
            "upper_bounds": [
                0.43602839248642616,
                0.05099398019067345,
                0.37487997102539206,
                0.2204955109746216,
                0.11348624771024325,
                0.5904647591975279,
                0.9595922584159408,
                1.0,
                0.031951371197505234,
                0.21443588011709908
            ],
            "granularity": 0.01
        }
    ],
    "sequence": {
        "class": "RandomSequence",
        "domain": {
            "lower_bounds": [
                0.0,
                0.0,
                0.0,
                0.0,
                0.0,
                0.0,
                0.0,
                0.0,
                0.0,
                0.0
            ],
            "upper_bounds": [
                1.0,
                1.0,
                1.0,
                1.0,
                1.0,
                1.0,
                1.0,
                1.0,
                1.0,
                1.0
            ],
            "granularity": 0.01
        },
        "axes_names": [
            "dim_0",
            "dim_1",
            "dim_2",
            "dim_3",
            "dim_4",
            "dim_5",
            "dim_6",
            "dim_7",
            "dim_8",
            "dim_9"
        ],
        "seed": 300,
        "offset": 20
    },
    "class": "SimpleSimulatorKnownBugs",
    "step": 20,
    "domain": {
        "lower_bounds": [
            0.0,
            0.0,
            0.0,
            0.0,
            0.0,
            0.0,
            0.0,
            0.0,
            0.0,
            0.0
        ],
        "upper_bounds": [
            1.0,
            1.0,
            1.0,
            1.0,
            1.0,
            1.0,
            1.0,
            1.0,
            1.0,
            1.0
        ],
        "granularity": 0.01
    },
    "n_long_walks": 20,
    "n_local_searches": 0,
    "n_bugs": 0,
    "id": "",
    "state": "PAUSED"
}