{
    "bug_profile": [
        {
            "lower_bounds": [
                0.563816908763697,
                0.07451631723332564,
                0.10753989491606697,
                0.37793597061324535,
                0.9137690820376994
            ],
            "upper_bounds": [
                0.6003103894074375,
                0.1595115419688064,
                0.11209534936186678,
                0.4210233741730073,
                0.943323950016807
            ],
            "granularity": 0.01
        }
    ],
    "sequence": {
        "class": "FaureSequence",
        "domain": {
            "lower_bounds": [
                0.0,
                0.0,
                0.0,
                0.0,
                0.0
            ],
            "upper_bounds": [
                1.0,
                1.0,
                1.0,
                1.0,
                1.0
            ],
            "granularity": 0.01
        },
        "axes_names": [
            "dim_0",
            "dim_1",
            "dim_2",
            "dim_3",
            "dim_4"
        ],
        "seed": 300,
        "offset": 20
    },
    "class": "SimpleSimulatorKnownBugs",
    "step": 20,
    "domain": {
        "lower_bounds": [
            0.0,
            0.0,
            0.0,
            0.0,
            0.0
        ],
        "upper_bounds": [
            1.0,
            1.0,
            1.0,
            1.0,
            1.0
        ],
        "granularity": 0.01
    },
    "n_long_walks": 20,
    "n_local_searches": 0,
    "n_bugs": 0,
    "id": "",
    "state": "PAUSED"
}