{
    "bug_profile": [
        {
            "lower_bounds": [
                0.6749458870893156,
                0.8844397252129648,
                0.7959389286165236,
                0.016302923609309294,
                0.4799072990749955,
                0.2915970143567178,
                0.9055373407271102,
                0.8080168684022019,
                0.6511167112927433,
                0.7548661037354745,
                0.8581189700720653,
                0.5696320636942116,
                0.7533806639880373,
                0.32432765243148287,
                0.004620991119271056,
                0.6582503566058282,
                0.8086229054661526,
                0.35760183578586735,
                0.4783312352255936,
                0.3896589476564484,
                0.8534210969347986,
                0.744095519572621,
                0.17526919545910447,
                0.9189950065410555,
                0.49727994775977713,
                0.9037492292482021,
                0.46018175168701203,
                0.07202798642152686,
                0.6950923794313575,
                0.30980160528347345,
                0.12691645639281213,
                0.9799405189669613,
                0.0839561001445025,
                0.549234161426856,
                0.3272025422629413,
                0.03892102664366426,
                0.36894480172611765,
                0.19870333297488152,
                0.7896630347104473,
                0.8335667088001509,
                0.9968892623745467,
                0.9437457894746808,
                0.38244534895114435,
                0.27570247394642744,
                0.8746536694651486,
                0.4633055904653949,
                0.3685943085895893,
                0.6991896419617082,
                0.642474773100084,
                0.35750435040118034
            ],
            "upper_bounds": [
                0.8329559065923942,
                1.0,
                0.8634570203238132,
                0.13833391214674126,
                0.534642140644634,
                0.3339925684960947,
                1.0,
                0.8942285277733968,
                0.7182180577973423,
                0.8911908582228105,
                0.9201108890198965,
                0.606088264318045,
                0.865046557449758,
                0.3927260838790063,
                0.04217734155838918,
                0.6830716531614277,
                0.8125160112957958,
                0.516003538776324,
                0.5154592612681181,
                0.40319184379178447,
                0.9814010004675892,
                0.8348551566901419,
                0.30014588497919725,
                0.9811136810559818,
                0.5793157802098021,
                0.9849193771865569,
                0.552761961098424,
                0.21793613026922423,
                0.7809404785817333,
                0.41487510264797456,
                0.1741847898709622,
                1.0,
                0.10184064142257179,
                0.5841634587316131,
                0.4225021586322581,
                0.05623991736185298,
                0.5160339971670087,
                0.3123841335620788,
                0.8465334907397739,
                0.9218112059278999,
                1.0,
                1.0,
                0.48909512380669373,
                0.2967452880902131,
                0.9062637892767478,
                0.6128092425395579,
                0.37446669460726684,
                0.7049765927668914,
                0.7149248481345157,
                0.545392342627898
            ],
            "granularity": 0.01
        }
    ],
    "sequence": {
        "class": "LatticeSequence",
        "domain": {
            "lower_bounds": [
                0.0,
                0.0,
                0.0,
                0.0,
                0.0,
                0.0,
                0.0,
                0.0,
                0.0,
                0.0,
                0.0,
                0.0,
                0.0,
                0.0,
                0.0,
                0.0,
                0.0,
                0.0,
                0.0,
                0.0,
                0.0,
                0.0,
                0.0,
                0.0,
                0.0,
                0.0,
                0.0,
                0.0,
                0.0,
                0.0,
                0.0,
                0.0,
                0.0,
                0.0,
                0.0,
                0.0,
                0.0,
                0.0,
                0.0,
                0.0,
                0.0,
                0.0,
                0.0,
                0.0,
                0.0,
                0.0,
                0.0,
                0.0,
                0.0,
                0.0
            ],
            "upper_bounds": [
                1.0,
                1.0,
                1.0,
                1.0,
                1.0,
                1.0,
                1.0,
                1.0,
                1.0,
                1.0,
                1.0,
                1.0,
                1.0,
                1.0,
                1.0,
                1.0,
                1.0,
                1.0,
                1.0,
                1.0,
                1.0,
                1.0,
                1.0,
                1.0,
                1.0,
                1.0,
                1.0,
                1.0,
                1.0,
                1.0,
                1.0,
                1.0,
                1.0,
                1.0,
                1.0,
                1.0,
                1.0,
                1.0,
                1.0,
                1.0,
                1.0,
                1.0,
                1.0,
                1.0,
                1.0,
                1.0,
                1.0,
                1.0,
                1.0,
                1.0
            ],
            "granularity": 0.01
        },
        "axes_names": [
            "dim_0",
            "dim_1",
            "dim_2",
            "dim_3",
            "dim_4",
            "dim_5",
            "dim_6",
            "dim_7",
            "dim_8",
            "dim_9",
            "dim_10",
            "dim_11",
            "dim_12",
            "dim_13",
            "dim_14",
            "dim_15",
            "dim_16",
            "dim_17",
            "dim_18",
            "dim_19",
            "dim_20",
            "dim_21",
            "dim_22",
            "dim_23",
            "dim_24",
            "dim_25",
            "dim_26",
            "dim_27",
            "dim_28",
            "dim_29",
            "dim_30",
            "dim_31",
            "dim_32",
            "dim_33",
            "dim_34",
            "dim_35",
            "dim_36",
            "dim_37",
            "dim_38",
            "dim_39",
            "dim_40",
            "dim_41",
            "dim_42",
            "dim_43",
            "dim_44",
            "dim_45",
            "dim_46",
            "dim_47",
            "dim_48",
            "dim_49"
        ],
        "seed": 300,
        "offset": 20
    },
    "class": "SimpleSimulatorKnownBugs",
    "step": 20,