{
    "bug_profile": [
        {
            "lower_bounds": [
                0.3413527559203695,
                0.8967896993960601,
                0.13479622403631797,
                0.4117274211824846,
                0.644676228003685,
                0.4823884248140268,
                0.05214058369936092,
                0.9734651852347452,
                0.8395752894599935,
                0.5593937545128713
            ],
            "upper_bounds": [
                0.3591828752975306,
                1.0,
                0.22975776374022627,
                0.43421065380931667,
                0.7127630541359706,
                0.5863728074673191,
                0.13926156140733018,
                0.9992704987734828,
                0.9046056809218863,
                0.6516519821917046
            ],
            "granularity": 0.01
        }
    ],
    "sequence": {
        "class": "HaltonSequence",
        "domain": {
            "lower_bounds": [
                0.0,
                0.0,
                0.0,
                0.0,
                0.0,
                0.0,
                0.0,
                0.0,
                0.0,
                0.0
            ],
            "upper_bounds": [
                1.0,
                1.0,
                1.0,
                1.0,
                1.0,
                1.0,
                1.0,
                1.0,
                1.0,
                1.0
            ],
            "granularity": 0.01
        },
        "axes_names": [
            "dim_0",
            "dim_1",
            "dim_2",
            "dim_3",
            "dim_4",
            "dim_5",
            "dim_6",
            "dim_7",
            "dim_8",
            "dim_9"
        ],
        "seed": 300,
        "offset": 20
    },
    "class": "SimpleSimulatorKnownBugs",
    "step": 20,
    "domain": {
        "lower_bounds": [
            0.0,
            0.0,
            0.0,
            0.0,
            0.0,
            0.0,
            0.0,
            0.0,
            0.0,
            0.0
        ],
        "upper_bounds": [
            1.0,
            1.0,
            1.0,
            1.0,
            1.0,
            1.0,
            1.0,
            1.0,
            1.0,
            1.0
        ],
        "granularity": 0.01
    },
    "n_long_walks": 20,
    "n_local_searches": 0,
    "n_bugs": 0,
    "id": "",
    "state": "PAUSED"
}