{
    "bug_profile": [
        {
            "lower_bounds": [
                0.27709917957892327,
                0.138488799932032,
                0.8016204066781796,
                0.4736899704002676,
                0.723601357861615
            ],
            "upper_bounds": [
                0.4392304611478294,
                0.25933331668660153,
                0.8580200359232675,
                0.5859674969162658,
                0.8570048842442265
            ],
            "granularity": 0.01
        }
    ],
    "sequence": {
        "class": "SobolSequence",
        "domain": {
            "lower_bounds": [
                0.0,
                0.0,
                0.0,
                0.0,
                0.0
            ],
            "upper_bounds": [
                1.0,
                1.0,
                1.0,
                1.0,
                1.0
            ],
            "granularity": 0.01
        },
        "axes_names": [
            "dim_0",
            "dim_1",
            "dim_2",
            "dim_3",
            "dim_4"
        ],
        "seed": 300,
        "offset": 20
    },
    "class": "SimpleSimulatorKnownBugs",
    "step": 20,
    "domain": {
        "lower_bounds": [
            0.0,
            0.0,
            0.0,
            0.0,
            0.0
        ],
        "upper_bounds": [
            1.0,
            1.0,
            1.0,
            1.0,
            1.0
        ],
        "granularity": 0.01
    },
    "n_long_walks": 20,
    "n_local_searches": 0,
    "n_bugs": 0,
    "id": "",
    "state": "PAUSED"
}