{
    "bug_profile": [
        {
            "lower_bounds": [
                0.9923000550917672,
                0.05156375703652927,
                0.3637522531619408,
                0.5525525281634398,
                0.2625895355355806,
                0.7725832509452413,
                0.38685372002662965,
                0.45015524080043257,
                0.4472691147615523,
                0.5853047974404697
            ],
            "upper_bounds": [
                1.0,
                0.18754683732239366,
                0.4023634127595247,
                0.5959452077256856,
                0.37295843970419296,
                0.8227159317523043,
                0.4085070668326899,
                0.4830677688945087,
                0.5954260921283098,
                0.6000904726935344
            ],
            "granularity": 0.01
        }
    ],
    "sequence": {
        "class": "HaltonSequence",
        "domain": {
            "lower_bounds": [
                0.0,
                0.0,
                0.0,
                0.0,
                0.0,
                0.0,
                0.0,
                0.0,
                0.0,
                0.0
            ],
            "upper_bounds": [
                1.0,
                1.0,
                1.0,
                1.0,
                1.0,
                1.0,
                1.0,
                1.0,
                1.0,
                1.0
            ],
            "granularity": 0.01
        },
        "axes_names": [
            "dim_0",
            "dim_1",
            "dim_2",
            "dim_3",
            "dim_4",
            "dim_5",
            "dim_6",
            "dim_7",
            "dim_8",
            "dim_9"
        ],
        "seed": 300,
        "offset": 20
    },
    "class": "SimpleSimulatorKnownBugs",
    "step": 20,
    "domain": {
        "lower_bounds": [
            0.0,
            0.0,
            0.0,
            0.0,
            0.0,
            0.0,
            0.0,
            0.0,
            0.0,
            0.0
        ],
        "upper_bounds": [
            1.0,
            1.0,
            1.0,
            1.0,
            1.0,
            1.0,
            1.0,
            1.0,
            1.0,
            1.0
        ],
        "granularity": 0.01
    },
    "n_long_walks": 20,
    "n_local_searches": 0,
    "n_bugs": 0,
    "id": "",
    "state": "PAUSED"
}