{
    "bug_profile": [
        {
            "lower_bounds": [
                0.359644412250811,
                0.10253804099859676,
                0.7174701194030073,
                0.841561623754075,
                0.05219275755781705,
                0.6519959663264201,
                0.33049356936481067,
                0.8595748737575986,
                0.5281413034667052,
                0.16652966815874337
            ],
            "upper_bounds": [
                0.41175538495227276,
                0.20892401160315963,
                0.7804073214676717,
                0.9350216383316349,
                0.12269216279411257,
                0.7770893262160764,
                0.3848900567882302,
                0.8632831313619684,
                0.666263468436525,
                0.18347987862649068
            ],
            "granularity": 0.01
        }
    ],
    "sequence": {
        "class": "SobolSequence",
        "domain": {
            "lower_bounds": [
                0.0,
                0.0,
                0.0,
                0.0,
                0.0,
                0.0,
                0.0,
                0.0,
                0.0,
                0.0
            ],
            "upper_bounds": [
                1.0,
                1.0,
                1.0,
                1.0,
                1.0,
                1.0,
                1.0,
                1.0,
                1.0,
                1.0
            ],
            "granularity": 0.01
        },
        "axes_names": [
            "dim_0",
            "dim_1",
            "dim_2",
            "dim_3",
            "dim_4",
            "dim_5",
            "dim_6",
            "dim_7",
            "dim_8",
            "dim_9"
        ],
        "seed": 300,
        "offset": 20
    },
    "class": "SimpleSimulatorKnownBugs",
    "step": 20,
    "domain": {
        "lower_bounds": [
            0.0,
            0.0,
            0.0,
            0.0,
            0.0,
            0.0,
            0.0,
            0.0,
            0.0,
            0.0
        ],
        "upper_bounds": [
            1.0,
            1.0,
            1.0,
            1.0,
            1.0,
            1.0,
            1.0,
            1.0,
            1.0,
            1.0
        ],
        "granularity": 0.01
    },
    "n_long_walks": 20,
    "n_local_searches": 0,
    "n_bugs": 0,
    "id": "",
    "state": "PAUSED"
}