{
    "bug_profile": [
        {
            "lower_bounds": [
                0.8625317936241484,
                0.028568392202757975,
                0.5868753616651096,
                0.4466251149128635,
                0.8407019417951537,
                0.9309213657254859,
                0.48877043813576226,
                0.9480062773672837,
                0.9572086095665032,
                0.09614265192273819,
                0.9226234754670306,
                0.565220208600994,
                0.08588098464653615,
                0.4251278976672336,
                0.6136738265016178,
                0.5269691175510779,
                0.6526923147037106,
                0.015283557171576478,
                0.6846541630249938,
                0.4383087848150745,
                0.6844581629667676,
                0.03913317032635277,
                0.5403733995200385,
                0.4631122169717289,
                0.9028481575810611,
                0.4887512663109497,
                0.42772561713157653,
                0.2283020338088413,
                0.5420164856525278,
                0.07261583196918187,
                0.6327149759129828,
                0.6174081046362166,
                0.37087914159908075,
                0.9191641360982413,
                0.5667666906020105,
                0.8040352879828848,
                0.6839114607157298,
                0.8543859416086659,
                0.3391830951875924,
                0.17626566726974424,
                0.36546395764598216,
                0.6911149235576397,
                0.8498957582960698,
                0.8970700785779561,
                0.786943552409006,
                0.39086498232906075,
                0.026449518999136834,
                0.7420863489878649,
                0.2186367587326541,
                0.6900289991447948
            ],
            "upper_bounds": [
                0.9194222394118762,
                0.08412820995753814,
                0.635500217339004,
                0.5106372250281933,
                0.8852193179505088,
                0.9378076582654298,
                0.6594415278579588,
                0.970716231209323,
                1.0,
                0.18516054317529412,
                0.9948582590235867,
                0.6118853190836275,
                0.19619851034649471,
                0.4853283863423679,
                0.6367362310571137,
                0.5733984834762408,
                0.6636322330276246,
                0.03986361643020431,
                0.8597151033904392,
                0.4980206867420336,
                0.7096586331980594,
                0.05351183042685483,
                0.5865510853232191,
                0.5613408584709867,
                0.9797728560192993,
                0.543246450180544,
                0.5428903774646743,
                0.36231991528900753,
                0.7063521498748493,
                0.17877056894774357,
                0.7634022793793388,
                0.6372005659697964,
                0.4854487684138181,
                0.9499713833389262,
                0.6037528474351538,
                0.8425191095650304,
                0.7256298077068377,
                0.967735805298434,
                0.33943911367196644,
                0.3311065347681302,
                0.4116121457390529,
                0.7856868553754796,
                0.8907069003806223,
                0.9650980592200794,
                0.858569831922892,
                0.39690680143405926,
                0.042219445295591906,
                0.8168248413050061,
                0.2408642034611818,
                0.8494011623804538
            ],
            "granularity": 0.01
        }
    ],
    "sequence": {
        "class": "SobolSequence",
        "domain": {
            "lower_bounds": [
                0.0,
                0.0,
                0.0,
                0.0,
                0.0,
                0.0,
                0.0,
                0.0,
                0.0,
                0.0,
                0.0,
                0.0,
                0.0,
                0.0,
                0.0,
                0.0,
                0.0,
                0.0,
                0.0,
                0.0,
                0.0,
                0.0,
                0.0,
                0.0,
                0.0,
                0.0,
                0.0,
                0.0,
                0.0,
                0.0,
                0.0,
                0.0,
                0.0,
                0.0,
                0.0,
                0.0,
                0.0,
                0.0,
                0.0,
                0.0,
                0.0,
                0.0,
                0.0,
                0.0,
                0.0,
                0.0,
                0.0,
                0.0,
                0.0,
                0.0
            ],
            "upper_bounds": [
                1.0,
                1.0,
                1.0,
                1.0,
                1.0,
                1.0,
                1.0,
                1.0,
                1.0,
                1.0,
                1.0,
                1.0,
                1.0,
                1.0,
                1.0,
                1.0,
                1.0,
                1.0,
                1.0,
                1.0,
                1.0,
                1.0,
                1.0,
                1.0,
                1.0,
                1.0,
                1.0,
                1.0,
                1.0,
                1.0,
                1.0,
                1.0,
                1.0,
                1.0,
                1.0,
                1.0,
                1.0,
                1.0,
                1.0,
                1.0,
                1.0,
                1.0,
                1.0,
                1.0,
                1.0,
                1.0,
                1.0,
                1.0,
                1.0,
                1.0
            ],
            "granularity": 0.01
        },
        "axes_names": [
            "dim_0",
            "dim_1",
            "dim_2",
            "dim_3",
            "dim_4",
            "dim_5",
            "dim_6",
            "dim_7",
            "dim_8",
            "dim_9",
            "dim_10",
            "dim_11",
            "dim_12",
            "dim_13",
            "dim_14",
            "dim_15",
            "dim_16",
            "dim_17",
            "dim_18",
            "dim_19",
            "dim_20",
            "dim_21",
            "dim_22",
            "dim_23",
            "dim_24",
            "dim_25",
            "dim_26",
            "dim_27",
            "dim_28",
            "dim_29",
            "dim_30",
            "dim_31",
            "dim_32",
            "dim_33",
            "dim_34",
            "dim_35",
            "dim_36",
            "dim_37",
            "dim_38",
            "dim_39",
            "dim_40",
            "dim_41",
            "dim_42",
            "dim_43",
            "dim_44",
            "dim_45",
            "dim_46",
            "dim_47",
            "dim_48",
            "dim_49"
        ],
        "seed": 300,
        "offset": 20
    },
    "class": "SimpleSimulatorKnownBugs",
    "step": 20,