{
    "bug_profile": [
        {
            "lower_bounds": [
                0.40786547743386314,
                0.5305046878108671,
                0.25415278495494864,
                0.012657628328775483,
                0.3016273384921585
            ],
            "upper_bounds": [
                0.4102110588973284,
                0.6078528765371501,
                0.3081643645661029,
                0.03704210069723016,
                0.33403089722778784
            ],
            "granularity": 0.01
        }
    ],
    "sequence": {
        "class": "FaureSequence",
        "domain": {
            "lower_bounds": [
                0.0,
                0.0,
                0.0,
                0.0,
                0.0
            ],
            "upper_bounds": [
                1.0,
                1.0,
                1.0,
                1.0,
                1.0
            ],
            "granularity": 0.01
        },
        "axes_names": [
            "dim_0",
            "dim_1",
            "dim_2",
            "dim_3",
            "dim_4"
        ],
        "seed": 300,
        "offset": 20
    },
    "class": "SimpleSimulatorKnownBugs",
    "step": 20,
    "domain": {
        "lower_bounds": [
            0.0,
            0.0,
            0.0,
            0.0,
            0.0
        ],
        "upper_bounds": [
            1.0,
            1.0,
            1.0,
            1.0,
            1.0
        ],
        "granularity": 0.01
    },
    "n_long_walks": 20,
    "n_local_searches": 0,
    "n_bugs": 0,
    "id": "",
    "state": "PAUSED"
}