{
    "bug_profile": [
        {
            "lower_bounds": [
                0.4345201502527213,
                0.7788683734501491,
                0.0467675314159548,
                0.7265343762049848,
                0.0975635611676613,
                0.7187853621005874,
                0.9933085094557977,
                0.11654788234173363,
                0.8337269219486647,
                0.9246429957715363
            ],
            "upper_bounds": [
                0.4670148654109889,
                0.7802371367250933,
                0.08782491568254806,
                0.7982370617270228,
                0.2223341233153553,
                0.7286744549028453,
                1.0,
                0.15046895519875964,
                0.9295099951151604,
                1.0
            ],
            "granularity": 0.01
        }
    ],
    "sequence": {
        "class": "HaltonSequence",
        "domain": {
            "lower_bounds": [
                0.0,
                0.0,
                0.0,
                0.0,
                0.0,
                0.0,
                0.0,
                0.0,
                0.0,
                0.0
            ],
            "upper_bounds": [
                1.0,
                1.0,
                1.0,
                1.0,
                1.0,
                1.0,
                1.0,
                1.0,
                1.0,
                1.0
            ],
            "granularity": 0.01
        },
        "axes_names": [
            "dim_0",
            "dim_1",
            "dim_2",
            "dim_3",
            "dim_4",
            "dim_5",
            "dim_6",
            "dim_7",
            "dim_8",
            "dim_9"
        ],
        "seed": 300,
        "offset": 20
    },
    "class": "SimpleSimulatorKnownBugs",
    "step": 20,
    "domain": {
        "lower_bounds": [
            0.0,
            0.0,
            0.0,
            0.0,
            0.0,
            0.0,
            0.0,
            0.0,
            0.0,
            0.0
        ],
        "upper_bounds": [
            1.0,
            1.0,
            1.0,
            1.0,
            1.0,
            1.0,
            1.0,
            1.0,
            1.0,
            1.0
        ],
        "granularity": 0.01
    },
    "n_long_walks": 20,
    "n_local_searches": 0,
    "n_bugs": 0,
    "id": "",
    "state": "PAUSED"
}