{
    "bug_profile": [
        {
            "lower_bounds": [
                0.38438088942605997,
                0.3013345667193067,
                0.6869723828370835,
                0.37408050895480227,
                0.15920032765258207,
                0.6949642890508597,
                0.4201911711934978,
                0.3737699180655043,
                0.24091474062291984,
                0.3318634450609985
            ],
            "upper_bounds": [
                0.3868809529085459,
                0.3116178052389426,
                0.7762424750420022,
                0.4509040622262122,
                0.26342876184357084,
                0.7424085816723258,
                0.4266351460942305,
                0.48114821423461707,
                0.35028354471331913,
                0.3746859789644043
            ],
            "granularity": 0.01
        }
    ],
    "sequence": {
        "class": "HaltonSequence",
        "domain": {
            "lower_bounds": [
                0.0,
                0.0,
                0.0,
                0.0,
                0.0,
                0.0,
                0.0,
                0.0,
                0.0,
                0.0
            ],
            "upper_bounds": [
                1.0,
                1.0,
                1.0,
                1.0,
                1.0,
                1.0,
                1.0,
                1.0,
                1.0,
                1.0
            ],
            "granularity": 0.01
        },
        "axes_names": [
            "dim_0",
            "dim_1",
            "dim_2",
            "dim_3",
            "dim_4",
            "dim_5",
            "dim_6",
            "dim_7",
            "dim_8",
            "dim_9"
        ],
        "seed": 300,
        "offset": 20
    },
    "class": "SimpleSimulatorKnownBugs",
    "step": 20,
    "domain": {
        "lower_bounds": [
            0.0,
            0.0,
            0.0,
            0.0,
            0.0,
            0.0,
            0.0,
            0.0,
            0.0,
            0.0
        ],
        "upper_bounds": [
            1.0,
            1.0,
            1.0,
            1.0,
            1.0,
            1.0,
            1.0,
            1.0,
            1.0,
            1.0
        ],
        "granularity": 0.01
    },
    "n_long_walks": 20,
    "n_local_searches": 0,
    "n_bugs": 0,
    "id": "",
    "state": "PAUSED"
}