{
    "bug_profile": [
        {
            "lower_bounds": [
                0.4929867972872374,
                0.6783481813011637,
                0.7304414409892138,
                0.14161264887564606,
                0.27257789592038173,
                0.7304837101151167,
                0.5506714968661337,
                0.051994235340396266,
                0.3489445144580735,
                0.7413574964491128,
                0.9335395976271877,
                0.45276053747560785,
                0.45433773106888864,
                0.5424494280301682,
                0.9103464807068994,
                0.892307083096187,
                0.7115856909012834,
                0.2485423984235311,
                0.08728439494901286,
                0.6518872857173963,
                0.775387889429802,
                0.6579135667848149,
                0.8844683248223287,
                0.24441430189348312,
                0.8045116148097989,
                0.3424409414571986,
                0.3394603058046448,
                0.11754970760117844,
                0.9335788179920046,
                0.7997910409338921,
                0.5307983229227654,
                0.19841779851404784,
                0.42895441770029696,
                0.508911044340881,
                0.29592200017070824,
                0.02740652769626617,
                0.5317182288526001,
                0.056550043807173656,
                0.02000879247587828,
                0.7397996147446523,
                0.45405508655162385,
                0.4768595992014517,
                0.17108328265440076,
                0.94983501352508,
                0.2451750477077269,
                0.6096826581098718,
                0.2699368312789435,
                0.56420602109768,
                0.15018654025344225,
                0.38687111819150555
            ],
            "upper_bounds": [
                0.501113454867479,
                0.7648527970150041,
                0.748757125100179,
                0.2574409329574213,
                0.38759184791609846,
                0.7993877816628112,
                0.6877444596851354,
                0.06203305383023831,
                0.36046171528218396,
                0.8840400045870577,
                1.0,
                0.5302811263712972,
                0.4720272033022591,
                0.5798056767060569,
                0.9550240782695902,
                1.0,
                0.8354988459876269,
                0.36414684964907745,
                0.1429373364183864,
                0.7400522621813974,
                0.8795059174122221,
                0.672181922707714,
                1.0,
                0.3003285696593334,
                0.8888671982113995,
                0.43174413626756347,
                0.44737938296324103,
                0.1879248428208775,
                0.9416064741265793,
                0.8484834847656877,
                0.634059167638177,
                0.3416232702425266,
                0.5416125003575994,
                0.6685353455311185,
                0.3570159049683629,
                0.11544415994234042,
                0.6722163626893809,
                0.1592470901802091,
                0.021647506046581444,
                0.8918340516017614,
                0.4615011036507192,
                0.621021559527883,
                0.18565155961825144,
                1.0,
                0.3729772161084144,
                0.7939656780582515,
                0.3415508347662337,
                0.7108380574311686,
                0.23313190562711866,
                0.5863505928216834
            ],
            "granularity": 0.01
        }
    ],
    "sequence": {
        "class": "SobolSequence",
        "domain": {
            "lower_bounds": [
                0.0,
                0.0,
                0.0,
                0.0,
                0.0,
                0.0,
                0.0,
                0.0,
                0.0,
                0.0,
                0.0,
                0.0,
                0.0,
                0.0,
                0.0,
                0.0,
                0.0,
                0.0,
                0.0,
                0.0,
                0.0,
                0.0,
                0.0,
                0.0,
                0.0,
                0.0,
                0.0,
                0.0,
                0.0,
                0.0,
                0.0,
                0.0,
                0.0,
                0.0,
                0.0,
                0.0,
                0.0,
                0.0,
                0.0,
                0.0,
                0.0,
                0.0,
                0.0,
                0.0,
                0.0,
                0.0,
                0.0,
                0.0,
                0.0,
                0.0
            ],
            "upper_bounds": [
                1.0,
                1.0,
                1.0,
                1.0,
                1.0,
                1.0,
                1.0,
                1.0,
                1.0,
                1.0,
                1.0,
                1.0,
                1.0,
                1.0,
                1.0,
                1.0,
                1.0,
                1.0,
                1.0,
                1.0,
                1.0,
                1.0,
                1.0,
                1.0,
                1.0,
                1.0,
                1.0,
                1.0,
                1.0,
                1.0,
                1.0,
                1.0,
                1.0,
                1.0,
                1.0,
                1.0,
                1.0,
                1.0,
                1.0,
                1.0,
                1.0,
                1.0,
                1.0,
                1.0,
                1.0,
                1.0,
                1.0,
                1.0,
                1.0,
                1.0
            ],
            "granularity": 0.01
        },
        "axes_names": [
            "dim_0",
            "dim_1",
            "dim_2",
            "dim_3",
            "dim_4",
            "dim_5",
            "dim_6",
            "dim_7",
            "dim_8",
            "dim_9",
            "dim_10",
            "dim_11",
            "dim_12",
            "dim_13",
            "dim_14",
            "dim_15",
            "dim_16",
            "dim_17",
            "dim_18",
            "dim_19",
            "dim_20",
            "dim_21",
            "dim_22",
            "dim_23",
            "dim_24",
            "dim_25",
            "dim_26",
            "dim_27",
            "dim_28",
            "dim_29",
            "dim_30",
            "dim_31",
            "dim_32",
            "dim_33",
            "dim_34",
            "dim_35",
            "dim_36",
            "dim_37",
            "dim_38",
            "dim_39",
            "dim_40",
            "dim_41",
            "dim_42",
            "dim_43",
            "dim_44",
            "dim_45",
            "dim_46",
            "dim_47",
            "dim_48",
            "dim_49"
        ],
        "seed": 300,
        "offset": 20
    },
    "class": "SimpleSimulatorKnownBugs",
    "step": 20,