{
    "bug_profile": [
        {
            "lower_bounds": [
                0.33633320826951063,
                0.22302419158958375,
                0.5937520107226334,
                0.11987280259404698,
                0.13479263440814704,
                0.6251455248402463,
                0.09031558804828854,
                0.5103003449219505,
                0.4384716718221584,
                0.5159103977326689
            ],
            "upper_bounds": [
                0.4133432126021561,
                0.28285413166529993,
                0.6624911560065481,
                0.22808439529606003,
                0.2649992515021419,
                0.6831079775542459,
                0.1626509980664544,
                0.5940813145518693,
                0.5690033524683412,
                0.5711658744915337
            ],
            "granularity": 0.01
        }
    ],
    "sequence": {
        "class": "HaltonSequence",
        "domain": {
            "lower_bounds": [
                0.0,
                0.0,
                0.0,
                0.0,
                0.0,
                0.0,
                0.0,
                0.0,
                0.0,
                0.0
            ],
            "upper_bounds": [
                1.0,
                1.0,
                1.0,
                1.0,
                1.0,
                1.0,
                1.0,
                1.0,
                1.0,
                1.0
            ],
            "granularity": 0.01
        },
        "axes_names": [
            "dim_0",
            "dim_1",
            "dim_2",
            "dim_3",
            "dim_4",
            "dim_5",
            "dim_6",
            "dim_7",
            "dim_8",
            "dim_9"
        ],
        "seed": 300,
        "offset": 20
    },
    "class": "SimpleSimulatorKnownBugs",
    "step": 20,
    "domain": {
        "lower_bounds": [
            0.0,
            0.0,
            0.0,
            0.0,
            0.0,
            0.0,
            0.0,
            0.0,
            0.0,
            0.0
        ],
        "upper_bounds": [
            1.0,
            1.0,
            1.0,
            1.0,
            1.0,
            1.0,
            1.0,
            1.0,
            1.0,
            1.0
        ],
        "granularity": 0.01
    },
    "n_long_walks": 20,
    "n_local_searches": 0,
    "n_bugs": 0,
    "id": "",
    "state": "PAUSED"
}