{
    "bug_profile": [
        {
            "lower_bounds": [
                0.30313867245098436,
                0.7693229861647374,
                0.420707290217209,
                0.025107790147206877,
                0.7631707152276208,
                0.2515002040206197,
                0.7561507132206915,
                0.21979205699486237,
                0.7111722867395361,
                0.430010200016953,
                0.778665228151828,
                0.9328343932523856,
                0.06417934616276522,
                0.7046144268500218,
                0.7180892067179276,
                0.6072994248822791,
                0.7924203758792997,
                0.8501089348161375,
                0.9355278178958135,
                0.6425563713238874,
                0.3603852928095289,
                0.7240241062914726,
                0.5885938946058591,
                0.6401780307449049,
                0.04305986235410442,
                0.376193142644466,
                0.8697706724070616,
                0.9786664759413092,
                0.5311919819305666,
                0.09291530317019703,
                0.5385221571692553,
                0.2860794705796996,
                0.5907737672797361,
                0.3490241665545316,
                0.17847240590982938,
                0.93996893559401,
                0.9009958744292762,
                0.8996736248680406,
                0.8645572573441218,
                0.36454360735451596,
                0.3599028758126913,
                0.3679644709067822,
                0.5256404322111793,
                0.4161467966384349,
                0.44937859111407474,
                0.8697447860370398,
                0.34861113424780454,
                0.19374082689495664,
                0.36652902000409726,
                0.7541157464277624
            ],
            "upper_bounds": [
                0.4517547952082037,
                0.7833198209245466,
                0.4279787092711139,
                0.12436743821862024,
                0.8058822040372758,
                0.2843639443251979,
                0.8386146078820642,
                0.2442622013651002,
                0.8074675007390063,
                0.4669347428763056,
                0.7828743347803916,
                1.0,
                0.12782938287552809,
                0.7058625779604222,
                0.7593946851363402,
                0.7051561442717311,
                0.8929086289390346,
                0.8939088912872697,
                0.990190259698132,
                0.6690694454645454,
                0.37641247219315693,
                0.8422743438010123,
                0.7181187353729435,
                0.7497253425362082,
                0.10477557417153069,
                0.376442094491924,
                0.9071308408855828,
                1.0,
                0.5386324736000832,
                0.2740533138328698,
                0.6599873142534162,
                0.45635911159359943,
                0.6821004741588607,
                0.3625328132075824,
                0.18894069504980518,
                0.9749598526958811,
                1.0,
                0.9989895852504987,
                0.8650803152875332,
                0.4565322485721338,
                0.41978601603025356,
                0.42679836541821,
                0.6379905052613944,
                0.4861211542297734,
                0.5326334068480856,
                1.0,
                0.3653777341469776,
                0.24640660365879186,
                0.46445126165251527,
                0.83580203847208
            ],
            "granularity": 0.01
        }
    ],
    "sequence": {
        "class": "SobolSequence",
        "domain": {
            "lower_bounds": [
                0.0,
                0.0,
                0.0,
                0.0,
                0.0,
                0.0,
                0.0,
                0.0,
                0.0,
                0.0,
                0.0,
                0.0,
                0.0,
                0.0,
                0.0,
                0.0,
                0.0,
                0.0,
                0.0,
                0.0,
                0.0,
                0.0,
                0.0,
                0.0,
                0.0,
                0.0,
                0.0,
                0.0,
                0.0,
                0.0,
                0.0,
                0.0,
                0.0,
                0.0,
                0.0,
                0.0,
                0.0,
                0.0,
                0.0,
                0.0,
                0.0,
                0.0,
                0.0,
                0.0,
                0.0,
                0.0,
                0.0,
                0.0,
                0.0,
                0.0
            ],
            "upper_bounds": [
                1.0,
                1.0,
                1.0,
                1.0,
                1.0,
                1.0,
                1.0,
                1.0,
                1.0,
                1.0,
                1.0,
                1.0,
                1.0,
                1.0,
                1.0,
                1.0,
                1.0,
                1.0,
                1.0,
                1.0,
                1.0,
                1.0,
                1.0,
                1.0,
                1.0,
                1.0,
                1.0,
                1.0,
                1.0,
                1.0,
                1.0,
                1.0,
                1.0,
                1.0,
                1.0,
                1.0,
                1.0,
                1.0,
                1.0,
                1.0,
                1.0,
                1.0,
                1.0,
                1.0,
                1.0,
                1.0,
                1.0,
                1.0,
                1.0,
                1.0
            ],
            "granularity": 0.01
        },
        "axes_names": [
            "dim_0",
            "dim_1",
            "dim_2",
            "dim_3",
            "dim_4",
            "dim_5",
            "dim_6",
            "dim_7",
            "dim_8",
            "dim_9",
            "dim_10",
            "dim_11",
            "dim_12",
            "dim_13",
            "dim_14",
            "dim_15",
            "dim_16",
            "dim_17",
            "dim_18",
            "dim_19",
            "dim_20",
            "dim_21",
            "dim_22",
            "dim_23",
            "dim_24",
            "dim_25",
            "dim_26",
            "dim_27",
            "dim_28",
            "dim_29",
            "dim_30",
            "dim_31",
            "dim_32",
            "dim_33",
            "dim_34",
            "dim_35",
            "dim_36",
            "dim_37",
            "dim_38",
            "dim_39",
            "dim_40",
            "dim_41",
            "dim_42",
            "dim_43",
            "dim_44",
            "dim_45",
            "dim_46",
            "dim_47",
            "dim_48",
            "dim_49"
        ],
        "seed": 300,
        "offset": 20
    },
    "class": "SimpleSimulatorKnownBugs",
    "step": 20,