{
    "bug_profile": [
        {
            "lower_bounds": [
                0.6665140107099281,
                0.31919910099184523,
                0.21705312945596167,
                0.9857229387990023,
                0.8106111015293175
            ],
            "upper_bounds": [
                0.8322745978080064,
                0.33993623546688345,
                0.2614734867992948,
                1.0,
                0.8563452426420578
            ],
            "granularity": 0.01
        }
    ],
    "sequence": {
        "class": "FaureSequence",
        "domain": {
            "lower_bounds": [
                0.0,
                0.0,
                0.0,
                0.0,
                0.0
            ],
            "upper_bounds": [
                1.0,
                1.0,
                1.0,
                1.0,
                1.0
            ],
            "granularity": 0.01
        },
        "axes_names": [
            "dim_0",
            "dim_1",
            "dim_2",
            "dim_3",
            "dim_4"
        ],
        "seed": 300,
        "offset": 20
    },
    "class": "SimpleSimulatorKnownBugs",
    "step": 20,
    "domain": {
        "lower_bounds": [
            0.0,
            0.0,
            0.0,
            0.0,
            0.0
        ],
        "upper_bounds": [
            1.0,
            1.0,
            1.0,
            1.0,
            1.0
        ],
        "granularity": 0.01
    },
    "n_long_walks": 20,
    "n_local_searches": 0,
    "n_bugs": 0,
    "id": "",
    "state": "PAUSED"
}