{
    "bug_profile": [
        {
            "lower_bounds": [
                0.09670588080344678,
                0.5732780300987399,
                0.41686668470837873,
                0.9917703006461313,
                0.7419061676170565
            ],
            "upper_bounds": [
                0.2568650870517344,
                0.587966653258481,
                0.4873069800181109,
                1.0,
                0.8883408976443499
            ],
            "granularity": 0.01
        }
    ],
    "sequence": {
        "class": "SobolSequence",
        "domain": {
            "lower_bounds": [
                0.0,
                0.0,
                0.0,
                0.0,
                0.0
            ],
            "upper_bounds": [
                1.0,
                1.0,
                1.0,
                1.0,
                1.0
            ],
            "granularity": 0.01
        },
        "axes_names": [
            "dim_0",
            "dim_1",
            "dim_2",
            "dim_3",
            "dim_4"
        ],
        "seed": 300,
        "offset": 20
    },
    "class": "SimpleSimulatorKnownBugs",
    "step": 20,
    "domain": {
        "lower_bounds": [
            0.0,
            0.0,
            0.0,
            0.0,
            0.0
        ],
        "upper_bounds": [
            1.0,
            1.0,
            1.0,
            1.0,
            1.0
        ],
        "granularity": 0.01
    },
    "n_long_walks": 20,
    "n_local_searches": 0,
    "n_bugs": 0,
    "id": "",
    "state": "PAUSED"
}